towns	tmax	tmin	rain	sun	twater
Aachen	22	-1	131	47
Aalen	23	-4	167	60
Abenberg	24	-4	114	56
Abstatt	23	-4	167	56
Achern	24	-2	158	55
Achslach	23	-5	173	57
Adelsdorf	24	-4	114	55
"Adelshofen bei Rothenburg o.d.T."	24	-4	114	58
Adelsried	23	-5	173	59
Adenau	24	-1	129	54
Aerzen	22	-2	122	51
Ahaus	22	-3	122	49
Ahlbeck	21	-2	113	56	8
Ahlen	23	-2	180	51
Ahlsdorf	24	-3	170	45
Ahorntal	24	-4	114	56
Ahrensburg	22	-2	190	51
Ahrensfelde	23	-3	166	55
Ahrenshoop	21	-1	113	54	8
Ahrweiler	23	-1	180	50
Aichtal	23	-4	167	57
Aidenbach	24	-6	184	56
Ainring	24	-5	184	54
Aitern	25	-2	174	52
Albstadt	23	-4	167	59
Aldersbach	24	-6	184	56
Alexisbad	24	-3	170	47
"Alf an der Mosel"	23	-1	129	53
Alfdorf	23	-4	167	58
Alfeld	22	-2	122	49
Alheim	17	-2	126	51
Alken	23	-1	129	50
"Allendorf an der Lumda"	24	-2	111	52
Allensbach	23	-5	173	56
Alleringersleben	22	-2	122	49
Allersberg	24	-4	114	57
Allershausen	23	-5	173	56
Allrode	22	-2	122	47
Alpirsbach	26	-2	158	54
Alsdorf	22	-1	131	49
Alsfeld	18	-3	126	50
"Alt Duvenstedt"	20	-3	138	53
"Alt Ruppin"	23	-3	113	55
"Alt Schloen"	21	-2	113	55
"Alt Schwerin"	21	-2	113	54
"Alt Zauche"	23	-3	166	58
"Alt-Reddevitz"	22	-2	113	57	8
Altbach	23	-4	167	60
Altdorf	23	-5	173	55
"Altdorf bei Nuernberg"	23	-5	173	55
Altenahr	24	-1	180	51
Altenau	22	-2	122	48
Altenberg	24	-4	169	57
Altenbrak	22	-2	122	47
Altenburg	24	-3	170	44
Altenhof	23	-3	113	54
Altenholz	20	-2	138	52
Altenkirchen	23	-1	180	50
Altenmedingen	22	-3	190	51
Altenstadt	23	-5	173	58
Altensteig-Wart	23	-4	167	62
Altentreptow	21	-2	113	53	8
Alterkuelz	25	-1	129	54
Altfunnixsiel	20	-1	199	53
Altglashuetten	25	-2	174	53
Altharlingersiel	20	-1	199	51
Althuettendorf	24	-3	113	52
Altlay	23	-1	129	53
Altomuenster	23	-5	173	58
Altreichenau	24	-6	187	57
Altrip	24	-2	111	53
Altschoenau	24	-8	187	59
Altoetting	23	-6	184	58
Alverdisse	22	0	143	48
Alzenau	24	-3	111	53
Alzey	24	-3	111	51
Amberg	25	-4	114	58
"Amberg am Starnberger See"	24	-3	114	57
Amelinghausen	22	-2	190	48
Amerang	23	-5	173	57
Ammenhausen	18	-2	126	48
Amorbach	24	-3	111	54
Andechs	23	-5	173	54
Andernach	25	-1	180	50
Angelbachtal	24	-3	111	50
Anger	24	-6	184	56
Angermuende	23	-3	113	54
Anklam-Boemitz	21	-2	113	54	8
Ankum	22	-4	122	47
Annaberg-Buchholz	24	-5	150	61
Annaberg-Ehrenfriedersdorf	23	-6	150	65
Annaburg	24	-3	170	47
Ansbach	23	-4	114	55
Apelern	23	-2	122	48
Apen	20	-2	199	52
Apfeltrang	23	-5	173	57
Apolda	24	-4	170	48
Archsum	19	-1	133	56	9
Arendsee	21	-2	113	53
Arendsee	23	-3	113	55
Arnbruck	24	-6	150	63
Arnsberg	22	0	143	47
Arnsberg-Neheim	22	0	143	47
Arnsbruck	24	-5	150	63
Arnschwang	24	-5	150	63
Arnstadt	24	-3	170	45
Arrach	24	-5	150	65
Arzberg	24	-4	169	57
Aschaffenburg	24	-2	111	51
"Aschau im Chiemgau"	24	-6	184	59
Aschbach	23	-2	129	53
Ascheberg	20	-3	138	50
"Ascheberg Davensberg"	22	0	143	46
Aschersleben	24	-3	170	47
Aschheim	23	-5	173	54
Aselage-Herzlake	22	-2	122	49
Asperg	23	-4	167	61
Assmannshausen	23	-1	129	51
Attendorn	22	0	143	46
Attenkirchen	23	-4	173	56
Atterwasch	23	-3	166	57
"Au in der Hallertau"	22	-5	173	55
Aue	25	-4	169	56
Auerstedt	23	-4	170	47
Aufham	23	-5	173	55
Aufkirchen	23	-5	173	54
Auggen	25	-2	174	52
Augsburg	23	-5	173	57
Augustfehn	20	-2	199	49
Augustusburg	24	-3	169	59
Auhausen	24	-4	114	56
Aulendorf	22	-5	173	57
Aumuehle	22	-2	190	51
Aurach	23	-4	114	57
Aurich	21	-1	138	45
Aying	23	-5	173	57
Baabe	20	-2	106	59	8
Babenhausen	25	-2	111	51
Bacharach	23	-1	129	53
Backnang	24	-4	167	59
"Bad Aibling"	22	-5	173	58
"Bad Alexandersbad"	24	-5	114	56
"Bad Arolsen"	28	-3	126	52
"Bad Bayersoien"	25	-7	172	57
"Bad Bederkesa"	20	-2	199	49
"Bad Bellingen"	25	-2	174	54
"Bad Bentheim"	22	-1	122	47
"Bad Bergzabern"	24	-3	111	51
"Bad Berka"	24	-4	170	46
"Bad Berneck"	24	-4	114	56
"Bad Bertrich"	23	-1	129	50
"Bad Bevensen"	22	-3	190	50
"Bad Bibra"	24	-3	170	46
"Bad Birnbach"	26	-6	184	59
"Bad Blankenburg"	24	-3	170	47
"Bad Blenhorst"	22	-2	174	46
"Bad Bocklet"	24	-3	170	47
"Bad Boll"	23	-4	167	60
"Bad Brambach"	24	-4	114	56
"Bad Bramstedt"	21	-2	190	48
"Bad Breisig"	23	-1	180	48
"Bad Brueckenau"	24	-2	111	53
"Bad Colberg"	23	-5	114	60
"Bad Ditzenbach"	23	-4	167	57
"Bad Doberan"	22	-2	113	55	8
"Bad Driburg"	22	0	143	48
"Bad Dueben"	24	-3	170	48
"Bad Duerkheim"	24	-2	111	54
"Bad Duerrenberg"	24	-3	170	46
"Bad Duerrenheim-oefingen"	25	-3	134	54
"Bad Duerrheim"	26	-3	134	56
"Bad Eilsen"	22	-2	122	47
"Bad Elster"	24	-4	114	57
"Bad Elster"	24	-5	114	58
"Bad Ems"	24	-1	129	51
"Bad Emstal"	18	-2	126	46
"Bad Endbach"	24	-2	111	52
"Bad Endorf"	24	-6	184	57
"Bad Essen"	22	-3	122	46
"Bad Fallingbostel"	22	-2	122	48
"Bad Faulenbach"	25	-7	172	60
"Bad Feilnbach"	23	-5	173	56
"Bad Frankenhausen"	24	-3	170	47
"Bad Fredeburg"	22	0	143	48
"Bad Freienwalde"	23	-3	166	57
"Bad Friedrichshall"	24	-2	111	50
"Bad Fuessing"	24	-6	187	57
"Bad Gandersheim"	22	-3	122	47
"Bad Griesbach"	24	-6	184	55
"Bad Grund"	22	-2	122	46
"Bad Groenenbach"	22	-5	173	54
"Bad Goegging"	23	-5	173	56
"Bad Harzburg"	22	-2	122	48
"Bad Heilbrunn"	25	-7	172	60
"Bad Herrenalb"	24	-4	167	58
"Bad Hersfeld"	18	-2	126	50
"Bad Hindelang"	23	-5	173	55
"Bad Homburg"	24	-2	111	49
"Bad Honnef"	23	-1	180	47
"Bad Hoenningen"	23	-1	180	48
"Bad Iburg"	22	-2	122	48
"Bad Karlshafen"	19	-2	126	51
"Bad Kissingen"	24	-4	114	59
"Bad Kohlgrub"	25	-7	172	56
"Bad Kreuznach"	23	-1	129	54
"Bad Krozingen"	25	-2	174	52
"Bad Koenig"	24	-2	111	51
"Bad Koenigshofen"	23	-5	173	55
"Bad Koenigshofen"	24	-2	111	51
"Bad Koesen"	24	-3	170	48
"Bad Koestritz"	25	-2	170	48
"Bad Koetzting"	24	-5	150	63
"Bad Laasphe"	23	0	143	46
"Bad Laer"	22	-2	122	46
"Bad Langensalza"	24	-3	170	47
"Bad Lauchstaedt"	25	-3	170	47
"Bad Lausick"	24	-3	170	48
"Bad Lauterberg"	23	-2	122	50
"Bad Liebenstein"	24	-3	170	46
"Bad Liebenzell"	23	-4	167	60
"Bad Lippspringe"	22	0	143	51
"Bad Malente"	22	-2	190	49
"Bad Marienberg"	23	-1	180	50
"Bad Mergentheim"	25	-2	111	51
"Bad Muender"	22	-2	122	47
"Bad Muenster am Stein-Ebernburg"	23	-1	129	51
"Bad Muenstereifel"	23	-2	180	48
"Bad Nauheim"	25	-3	111	49
"Bad Nenndorf"	22	-2	122	50
"Bad Neuenahr"	23	-1	180	51
"Bad Neustadt"	24	-3	170	46
"Bad Neustadt"	24	-3	170	48
"Bad Oberdorf"	23	-5	173	56
"Bad Oeynhausen"	23	-2	122	48
"Bad Orb"	24	-2	111	51
"Bad Peterstal"	25	-2	158	55
"Bad Peterstal-Griesbach"	25	-2	158	55
"Bad Pyrmont"	23	-3	122	48
"Bad Rappenau"	24	-2	111	49
"Bad Reiboldsgruen"	24	-4	169	57
"Bad Reichenhall"	24	-6	184	55
"Bad Rippoldsau"	25	-2	158	57
"Bad Rippoldsau-Schapbach"	26	-2	158	54
"Bad Rodach"	24	-4	114	56
"Bad Rothenfelde"	22	-2	122	48
"Bad Saarow"	23	-3	166	58
"Bad Sachsa"	24	-3	170	48
"Bad Salzdetfurth"	22	-2	122	49
"Bad Salzhausen"	24	-2	111	54
"Bad Salzig"	23	-1	129	51
"Bad Salzschlirf"	18	-2	126	48
"Bad Salzuflen"	22	0	143	46
"Bad Salzungen"	23	-3	170	46
"Bad Sassendorf"	22	0	143	48
"Bad Saulgau"	23	-5	173	56
"Bad Schandau"	24	-4	169	59
"Bad Schmiedeberg"	24	-3	170	45
"Bad Schussenried"	23	-5	173	56
"Bad Schwalbach"	24	-2	111	54
"Bad Schwartau"	22	-2	190	50
"Bad Schoenborn"	24	-2	111	53
"Bad Segeberg"	22	-2	190	49
"Bad Sobernheim"	23	-1	129	51
"Bad Soden"	24	-2	111	52
"Bad Soden-Salmuester"	24	-2	111	51
"Bad Sooden-Allendorf"	18	-2	126	47
"Bad Staffelstein"	24	-4	114	59
"Bad Steben"	24	-4	114	57
"Bad Stuer"	21	-2	113	55
"Bad Suderode"	22	-2	122	49
"Bad Sulza"	24	-3	170	46
"Bad Saeckingen"	25	-2	174	52
"Bad Teinach"	23	-4	167	59
"Bad Toelz"	25	-7	172	58
"Bad Urach"	23	-4	167	58
"Bad Vilbel"	25	-2	111	49
"Bad Waldliesborn"	22	0	143	50
"Bad Waldsee"	23	-5	173	56
"Bad Weilbach"	24	-2	111	50
"Bad Westernkotten"	23	-1	180	49
"Bad Wiessee"	25	-7	172	57
"Bad Wildbad"	24	-4	167	61
"Bad Wildungen"	18	-2	126	50
"Bad Wilsnack"	22	-2	113	57
"Bad Wimpfen"	26	-2	111	52
"Bad Windsheim"	24	-4	114	58
"Bad Wurzach"	23	-4	173	57
"Bad Woerishofen"	23	-5	173	56
"Bad Wuennenberg"	22	0	143	46
"Bad Zwesten"	18	-2	126	46
"Bad Zwischenahn"	20	-1	199	50
"Bad ueberkingen"	23	-4	167	59
Baden-Baden	25	-2	158	53
Badenweiler	25	-2	174	53
Bahratal	25	-4	169	59
Baiersbronn	25	-2	158	56
"Baiersbronn - Schwarzenberg"	24	-4	167	60
Bakenberg	21	-2	113	56	8
Balderschwang	23	-5	173	57
Balingen	23	-5	167	60
Ballenstedt	24	-4	170	48
Ballrechten-Dottingen	25	-2	174	53
Balm	21	-2	113	54	8
Baltrum	20	-1	199	51
Balve	22	0	143	47
Bamberg	25	-4	114	57
Bann	23	-1	129	51
Bannewitz	23	-4	169	57
Bansin	21	-2	113	54	8
Bantikow	21	-2	113	54
Bantorf	22	-2	122	47
Banzkow	21	-2	113	54
Barby	24	-3	170	46
Bark	21	-2	190	49
Barkow	21	-3	113	53
Barsinghausen	22	-2	122	50
Barth	22	-2	113	56	8
Bartholomae	23	-4	167	58
Basdorf	23	-3	113	52
Bastei	24	-3	169	59
Basthorst	22	-2	113	52
Bastorf	21	-2	113	54	8
Baunatal	18	-2	126	49
Bautzen	24	-4	169	59
"Bayerisch Eisenstein"	25	-6	187	58
"Bayerisch Gmain"	24	-6	184	58
Bayreuth	24	-4	114	59
Bayrischzell	25	-7	172	58
Bebra	17	-2	126	51
Beckingen	23	-1	129	51
Bedburg	23	0	197	39
Beelitz	23	-2	166	58
Beerfelden	24	-2	111	53
Beeskow	23	-3	166	56
Beetzsee	23	-3	113	53
Behnkendorf	21	-2	113	56	8
Behringen	24	-3	170	44
Beierfeld	24	-5	150	62
Beilngries	24	-4	114	57
Beilrode	25	-3	170	47
Beilstein	23	-4	167	57
Beilstein	23	-1	129	49
Beldorf	20	-2	138	50
Belgern	24	-4	169	57
Belm	22	-3	122	48
Belzig	23	-3	166	56
Bemerode	23	-2	122	48
Bendorf-Sayn	23	-2	180	51
Benediktbeuern	25	-7	172	56
Benneckenstein	22	-2	122	48
"Benningen am Neckar"	24	-4	167	58
Benrath	23	0	197	38
Bensersiel	20	-2	199	51
Bensheim	24	-2	111	49
Benz	21	-2	113	56	8
Berchtesgaden	23	-6	184	58
"Berg Am Starnbergersee"	23	-5	173	56
Bergen	23	-6	184	54
Bergen	22	-2	113	55	8
Bergheim	23	-1	180	51
"Bergisch Gladbach"	24	-1	180	49
"Berlin - Friedrichshain - Kreuzberg"	23	-3	166	57
"Berlin - Lichtenberg"	23	-3	166	57
"Berlin - Spandau"	23	-3	113	55
"Berlin - Treptow - Koepenick"	24	-3	166	57
Berlinchen	22	-2	113	55
Bermuthshain	24	-2	111	50
Bernau	24	-2	174	53
Bernau	23	-3	113	54
"Bernau am Chiemsee"	24	-6	184	56
Bernburg	24	-3	170	48
Bernkastel-Kues	23	-1	129	54
Bernried	24	-4	114	57
Bernshausen	24	-3	170	46
Bertoldshofen	22	-5	173	57
Bertsdorf-Hoernitz	24	-4	169	58
Bestensee	23	-3	166	56
Bestwig	23	0	143	47
Betzendorf	22	-2	190	51
Beuren	23	-4	167	60
Beverungen	18	-3	126	51
Bexbach	23	-1	129	50
Biberach	25	-2	158	58
"Biberach a.d.Riss"	23	-5	173	55
Bickensohl	25	-2	158	57
Biebersdorf	24	-3	166	57
Biedenkopf	22	0	143	47
Biederbach	25	-2	158	56
"Biersdorf am See"	23	-1	182	54
Bietigheim	25	-2	158	55
Billerbeck	22	-2	122	48
Bilm	22	-2	122	48
Binde	21	-2	113	54
"Bingen am Rhein"	23	-1	129	52
"Binz Ruegen"	21	-1	113	55	8
Binzen	26	-2	174	53
Birgland	24	-4	114	60
Birkendorf	26	-3	134	57
Birkenwerder	23	-3	113	54
Bischoffen	24	-2	111	50
Bischofsgruen	24	-3	114	57
Bischofsheim	24	-3	170	47
Bischofsmais	23	-7	187	59
Bischofswerda	24	-4	169	57
Bischofswiesen	24	-6	184	56
Bispingen	22	-2	190	51
Bitburg	23	-1	182	55
Bitterfeld	24	-3	170	48
Blaibach	24	-5	150	61
Blaichach	23	-6	173	57
Blankenbach	24	-2	111	50
Blankenburg	22	-3	122	47
Blankenburg	24	-3	113	51
Blankenheim	23	-1	180	48
Blaubeuren	23	-4	167	61
Blauenthal	24	-5	150	62
Blaustein	23	-4	167	57
Bleialf	23	-1	182	55
Bliesekow	22	-2	113	54	8
Blieskastel	23	-1	129	51
Blomberg	22	0	143	49
Blumberg	25	-3	134	57
Blumenthal	23	-2	174	50
Blunk	23	-3	190	49
Bobenheim-Roxheim	24	-2	111	50
Bobingen	23	-5	173	56
Bocholt	24	-1	180	50
Bockenem	23	-4	122	49
Bodenheim	24	-2	111	51
Bodenmais	24	-6	187	56
Bodenwerder	22	-2	122	49
Bodman-Ludwigshafen	23	-5	173	55
Boek	21	-2	113	56	8
Boffzen	18	-2	126	50
Bogen	23	-5	173	57
Bohlendorf	21	-1	113	52	8
"Boiensdorf am Werder"	20	-2	113	56	8
Boitin	22	-2	113	55	9
Boitzenburg	23	-3	113	53
Bollendorf	23	-1	182	55
Bollewick	21	-2	113	53
Bollschweil	25	-2	174	51
Bolsterlang	23	-5	173	54
Boltenhagen	22	-2	190	50
"Bonn - Bad Godesberg"	23	-1	180	49
Bonndorf	25	-3	134	57
Bonndorf-Glashuette	25	-3	134	57
Bopfingen	23	-5	173	55
Boppard	23	-1	129	51
Borchen	23	0	143	47
Bordelum	19	-2	133	57	9
Borken	23	-1	180	48
Borkum	21	-2	138	44
Born	22	-2	113	56	8
Bornheim	24	-2	111	52
Bornheim	23	-1	180	49
Bostalsee	24	-1	129	51
Bottrop	22	-1	197	50
Boxdorf	24	-4	169	59
Brackenheim	23	-4	167	61
"Brakel - Bellersen"	18	-2	126	46
Brambach	24	-3	170	48
Bramsche	22	-3	122	46
Brand	24	-4	114	57
"Brand Erbisdorf"	24	-4	169	59
Brandenburg	23	-3	113	57
"Brandhaus - Hof"	24	-4	114	59
Brannenburg	24	-6	184	54
Braubach	23	-1	129	50
Braunfels	24	-2	111	50
Braunlage	21	-4	122	46
Braunsbach	23	-4	167	57
Braunsbach-Doettingen	23	-4	167	60
Braunschweig	22	-2	122	48
Braunshorn	24	-1	129	54
Brauweiler	23	-1	180	50
Bredenfelde	21	-2	113	54	8
Bredstedt	19	-1	133	56	9
Breege	20	-2	106	57	8
Brehna	25	-3	170	47
Breisach	25	-2	174	54
Breitenbrunn	24	-5	150	62
Breitenfeld	24	-3	170	45
Breitenguessbach	24	-3	114	55
"Breitnau - Hoellsteig"	25	-2	174	52
Bremen-Vegesack	22	-2	174	49
Bremerhaven	20	-1	199	47
Bremervoerde	20	-1	199	50
Bremm	23	-2	129	51
Brempt	23	0	197	39
Bretten	25	-2	111	50
Bretzenheim	25	-1	129	53
Breuberg	24	-2	111	51
Breuna	18	-2	126	51
Briedern	23	-1	129	52
Brielow	24	-3	113	53
Brietlingen	22	-2	190	48
Brilon	22	0	143	48
Brodenbach	23	-1	129	51
Brotterode	24	-3	170	46
Bruchsal	24	-2	111	53
Brunsbuettel	20	-1	199	49
Bruttig-Fankel	23	-1	129	53
Braeunlingen-Unterbraend	25	-3	134	57
Broeckel	20	-1	199	52
Brueggen	23	0	197	39
Bruehl	24	-2	111	51
"Bruehl bei Koeln"	23	-2	180	49
Bubach	23	-1	129	52
Bubesheim	23	-6	173	55
Buch	24	-4	114	55
Buchen	24	-4	167	56
Buchenberg	25	-7	172	58
Buchholz	23	-2	180	47
Buchholz	22	-2	190	51
Buchloe	23	-5	173	57
Buckow	23	-3	113	57
Buggenhagen	21	-2	113	55	9
Bullay	23	-1	129	51
Burg	23	-3	166	60
"Burg Hohenstein"	24	-2	111	49
"Burg Stargard"	21	-2	113	52	8
Burgau	23	-5	173	54
Burgbrohl	23	-1	180	49
Burgdorf	22	-2	122	47
Burgen	23	-2	129	52
Burghaslach	24	-4	114	55
Burghausen	25	-6	184	59
Burgoberbach	24	-4	114	56
Burgstaedt	24	-3	170	46
Burhave	20	-1	199	49
Burkhardtsdorf	24	-5	150	62
"Burkheim am Kaiserstuhl"	23	-4	167	60
Buschvitz	21	-4	113	56	8
Buttenheim	24	-4	114	57
Butzbach	25	-2	111	52
Buxtehude	22	-3	190	51
Baerenstein	24	-5	150	64
Baernfels	24	-4	114	57
Boeblingen	23	-4	167	60
Boedefeld	23	0	143	47
Boehringen	24	-4	167	60
Boennigheim	23	-4	167	61
Boergerende-Rethwisch	21	-2	113	56	8
Boernicke	23	-3	113	53
Buechenbeuren	23	-1	129	53
Buechlberg	24	-6	187	54
Bueckeburg	22	-2	122	48
Buecken	22	-2	174	51
Buehl	25	-2	158	55
Buehlertal	25	-2	158	56
Buende	22	-2	122	49
Buerbach	23	-1	180	46
Buerchau	25	-2	174	53
Bueren	23	0	143	48
Buergstadt	24	-2	111	50
Buerstadt	25	-3	111	51
Buesingen	25	-3	134	54
Buesum	20	-1	199	50
Buettgen	23	0	197	40
Cadolzburg	23	-4	114	58
Calden	18	-2	126	50
Callenberg	24	-4	169	58
Calw	23	-4	167	58
Caputh	23	-3	113	54
Carlsfeld	24	-5	150	62
Carolinensiel	20	-1	199	51
Castrop-Rauxel	22	0	143	49
Celle	23	-2	122	47
Cham	24	-5	150	63
Chamerau	24	-5	150	63
Chemnitz	24	-5	150	62
Chieming	23	-5	173	55
Chorin	23	-3	113	51
Clausthal-Zellerfeld	22	-3	122	49
Cleebronn	23	-4	167	59
Cloppenburg	23	-2	174	51
Cobbenrode	22	0	143	50
Coburg	24	-4	114	57
Cochem	23	-1	129	51
Coesfeld	22	-2	122	49
Colbitz	22	-2	122	48
Colmberg	24	-5	114	60
Coswig	24	-3	170	46
Coswig	25	-4	169	60
Cottbus	24	-3	169	56
Crailsheim	24	-4	167	58
Crimmitschau	24	-3	170	46
Crivitz	21	-2	113	56
Croeffelbach	23	-4	167	58
Cunewalde	24	-4	169	59
Cursdorf	24	-3	170	45
Cuxhaven	20	-1	199	50
"Cuxhaven - Doese"	20	-1	199	51
"Cuxhaven - Sahlenburg"	20	-1	199	50
Dabel	21	-1	113	54
Dabendorf	23	-4	166	57
Dachau	24	-5	173	57
Dachsberg	25	-3	134	55
Dagebuell	19	-1	133	57	9
Dahlewitz	23	-3	166	59
Dahme	23	-3	166	55
Dahme	22	-2	190	48
Dahn	23	-1	129	51
Daisendorf	23	-5	173	56
Dallgow	23	-3	113	57
Dammbach	23	-4	173	59
Damp	20	-2	138	54
Dangast	20	-1	199	49
Dankerode	24	-2	170	48
Dannenberg	21	-1	113	55
Dargun	21	-2	113	56	8
Darmstadt	24	-2	111	49
Daschow	21	-2	113	54
Dasing	24	-4	173	55
Dassow	22	-2	190	50
Datteln	22	0	143	47
Datterode	18	-2	126	47
Daun	23	-2	129	51
Dedeleben	22	-2	122	47
Dedenhausen	23	-2	122	49
Deggendorf	23	-5	173	56
Deggenhausertal	23	-4	167	59
Deidesheim	24	-2	111	51
Deining	24	-4	114	57
Deisslingen	25	-3	134	56
Delbrueck	22	0	143	47
Delitzsch	24	-3	170	48
Delmenhorst	22	-2	174	48
Demern	21	-3	113	55	8
Demmin	22	-2	113	56	8
Denzlingen	25	-3	158	55
Derenburg	22	-2	122	48
Derental	19	-2	126	51
Dernau	23	-1	180	51
Dernbach	23	-2	180	51
Derneburg	23	-2	122	46
Dersau	20	-3	138	53
Despetal	22	-2	122	47
Dessau	24	-3	170	47
Dessau	25	-3	170	46
Detmold	22	0	143	50
Dettelbach	24	-5	114	57
"Dettingen unter Teck"	23	-4	167	59
Dettmannsdorf	21	-2	113	53	8
Deudesfeld	23	-1	129	52
Dieblich	24	-2	129	50
Dieburg	25	-2	111	49
Diedersdorf	23	-4	166	57
Diekholzen	22	-2	122	49
Diemelsee	22	0	143	47
Diepersdorf	24	-4	114	58
Dierhagen	21	-1	113	56	8
Dieskau	24	-3	170	47
Dietzenbach	24	-2	111	52
Diez	24	-2	111	51
"Diessen am Ammersee"	23	-5	173	58
Dillingen	23	-1	129	52
"Dillingen an der Donau"	23	-5	173	57
Dillstaedt	24	-3	170	46
Dingden	23	0	143	48
Dinkelsbuehl	25	-5	114	56
Dinklage	23	-2	174	49
Dipperz-Friesenhausen	24	-3	170	48
Dippoldiswalde	24	-5	169	57
Dirmstein	24	-3	111	52
Dirnismaning	24	-5	173	56
Dithmarschen	20	-1	199	49
Dittishausen	25	-3	134	57
Ditzingen	22	-4	167	59
Ditzum	21	-2	138	44
Dobbertin	21	-3	113	53
Dobel	23	-4	167	57
Dodenau	24	-2	111	52
Dodenburg	23	-2	129	54
Donaueschingen	25	-3	134	57
Donaustauf	23	-4	173	57
Donzdorf	24	-4	167	60
Dorfen	23	-5	173	54
Dorfstadt	24	-4	114	57
Dormagen	23	0	197	40
Dornach	22	-5	173	56
Dornhan-Leinstetten	23	-4	167	62
Dornstetten	23	-4	167	60
Dornumsiel	20	-1	199	51
Dorsten	22	-1	197	49
Dorum	20	-1	199	50
Dosenbek	20	-3	138	50
Drachselsried-Oberried	24	-5	150	65
Dranske	21	-2	113	56	8
Dreieich	24	-3	111	51
Drensteinfurt	22	0	143	48
Drewitz	21	-2	113	55	9
Drochtersen-Krautsand	22	-2	190	49
Drolshagen	23	-2	180	46
Drosedow	21	-2	113	54
Dudeldorf	23	-1	129	50
Dudenhofen	24	-3	111	49
Duderstadt	18	-2	126	49
Dunsum	19	-1	133	57	9
Durach	24	-5	173	55
Durbach	25	-2	158	55
Doebeln	24	-4	169	55
Doellnsee	23	-3	113	54
Doerentrup	22	0	143	47
Doerfles-Esbach	24	-4	114	59
Doerpen	22	-2	138	46
Doerrenbach	23	-1	129	51
Doerverden	20	-1	199	50
Doetlingen	22	-2	174	48
Duelmen	22	-2	122	45
Dueren	22	-2	131	50
Duesedau	22	-2	113	55
Ebelsbach	23	-4	114	55
Ebendorf	22	-2	122	49
Eberbach	24	-2	111	51
Ebermannstadt	24	-4	114	57
Ebern	24	-4	114	58
Ebersberg	23	-4	173	55
Eberswalde-Finow	23	-3	113	54
Ebnisee	23	-4	167	59
Eching	23	-5	173	57
Eckartsberga	24	-3	170	47
Eckernfoerde	21	-2	138	54
Eckwarderhoerne	20	-1	199	50
Edenkoben	24	-2	111	50
Edertal-Bringhausen	18	-2	126	49
Edertal-Hemfurth	18	-2	126	49
Edesheim	24	-2	111	52
Edewecht	22	-2	174	49
Ediger	23	-2	129	53
Efringen-Kirchen	25	-3	174	54
Egelsbach	24	-2	111	52
Egestorf	22	-2	190	49
Eggenstein-Leopoldshafen	24	-2	111	51
Eggersdorf	23	-3	166	57
Eggstaett	25	-6	184	56
"Eging am See"	24	-6	187	56
"Egling a. d. Paar"	23	-5	173	54
"Ehingen an der Donau"	23	-4	167	57
Ehrenberg-Seiferts	24	-2	111	52
Ehrenfriedersdorf	24	-5	150	66
Ehrenkirchen	25	-1	174	53
Eibenstock	24	-5	150	62
Eichenzell	24	-3	111	53
Eichstetten	25	-2	158	58
Eichstaett	23	-5	173	55
Eicklingen	22	-2	122	49
Eigeltingen	23	-5	173	56
Einbeck	18	-2	126	51
Einbeck-Negenborn	18	-2	126	50
Eisenach	24	-2	170	47
Eisenbach	25	-3	134	55
Eisenberg	24	-2	111	50
Eisenberg	25	-7	172	57
Eisenberg	24	-3	170	47
Eisenschmitt	23	-1	129	55
Eisleben	24	-4	170	48
Eitorf	23	-2	180	48
Elend-Mandelholz	22	-2	122	48
Elfershausen	25	-2	111	49
Elisabethszell	23	-5	173	59
Elkenroth	23	-1	180	47
Ellenz-Poltersdorf	23	-1	129	54
Ellwangen	23	-4	167	58
Elmau	25	-7	172	59
Elmenhorst	21	-2	113	58	8
Elmshorn	22	-2	190	50
Eltville	24	-2	111	53
Elzach	25	-3	158	54
Emden	21	-2	138	45
Emmelshausen	23	-1	129	54
Emmendingen	24	-2	158	58
Emmerich	21	-1	197	46
Empfingen	23	-4	167	59
Emsbueren	22	-2	122	48
Emsdetten	22	-2	122	49
Enderndorf	25	-5	114	57
Endingen	25	-2	158	55
Enkering	24	-4	114	59
Enkirch	23	-1	129	51
Ennigerloh-Ostenfelde	22	-2	122	48
Ensch	23	-2	129	52
Enzkloesterle	23	-4	167	57
Eppelborn	23	-1	129	49
Eppelheim	25	-2	111	51
Eppenbrunn	23	-1	129	52
Eppenhain	25	-2	111	52
Eppingen	24	-2	111	50
Eppstein	24	-2	111	49
Erbach	24	-2	111	52
Erbenhausen	24	-3	170	47
Erding	23	-5	173	55
Erfurt	24	-3	170	47
Erfurt-Apfelstaedt	24	-3	170	48
Erfweiler	23	-2	129	54
Ering	24	-6	184	56
Erkelenz	23	-1	180	49
Erkner	23	-3	166	57
Erkrath	23	0	197	40
Erlabrunn	23	-5	150	62
Erlabrunn	24	-5	173	55
Erlangen	24	-4	114	57
Erlau	24	-6	187	57
Erlbach	23	-5	150	65
Erlenbach	24	-3	111	49
Erlensee	24	-2	111	48
Erndtebrueck	22	0	143	48
Ernst	24	-1	129	54
Erwitte	22	0	143	48
Erzgrube	23	-4	167	57
Eschau	24	-2	111	53
Eschbach	24	-2	111	51
Eschborn	24	-2	111	54
Eschwege	18	-2	126	48
Eschweiler	22	-1	131	49
Esens	20	-1	199	51
Esens-Bensersiel	19	-1	199	52
Eslarn	23	-5	173	56
Eslohe	23	0	143	47
Eslohe-Oesterberge	22	0	143	46
Eslohe-Wenholthausen	23	-1	180	50
Espelkamp	22	-2	122	48
Espenau	18	-2	126	51
Essel	22	-2	122	49
Esselbach	24	-2	111	52
Essing	23	-5	173	54
Esslingen	25	-4	167	59
Etelsen	22	-2	174	49
Ettal	25	-8	172	61
Ettenheim	25	-2	158	59
Ettlingen	24	-2	111	49
Ettringen	24	-1	129	53
Euerdorf	24	-4	114	57
Eurasburg	23	-5	173	55
Euskirchen	23	-1	180	47
Eutin	22	-2	190	50
Eversen	23	-2	190	48
Extertal-Rott	22	0	143	45
Fahrenzhausen	23	-5	173	57
Falkau	25	-3	134	58
Falkenau	24	-4	169	60
Falkenhagen	23	-3	113	53
Falkensee	23	-3	113	54
Falkenstein	23	-5	173	55
Falkenstein	24	-3	111	51
Falkenstein	23	-4	114	55
Farchant	25	-7	172	57
Fedderwardersiel	20	-1	199	52
Federow	21	-2	113	57	8
Fehrbellin	23	-3	113	56
Fehrenbach	24	-3	170	49
Feilbingert	23	-1	129	53
Feldafing	24	-5	173	55
Feldberg	23	-3	113	55
Feldberg	25	-2	174	55
Feldkirchen	24	-5	173	58
Fellbach	23	-4	167	56
Feuchtwangen	25	-4	114	56
Feuerbach	24	-4	167	58
Fichtelberg	24	-4	114	56
Fichtenau	24	-4	114	57
Filderstadt	24	-4	167	61
Filsen	24	-1	129	51
Finningen	23	-5	173	57
Finsterau	24	-6	187	57
Finsterbergen	24	-3	170	48
Finsterwalde	25	-4	169	59
Fintel	22	-2	190	48
Fischach	23	-5	173	57
Fischbachau	25	-7	172	58
Fischen	23	-5	173	57
Fischerbach	23	-4	167	60
Fischingen	25	-2	174	53
Fladungen	23	-3	170	48
Fleckl	24	-4	114	55
Flensburg	21	-4	138	52
Flessenow	21	-2	113	54
"Flintsbach a. Inn"	24	-5	184	59
"Floh Seligenthal"	24	-3	170	48
Flonheim	25	-2	111	52
"Flughafen Muenchen"	23	-5	173	56
Floersheim	24	-2	111	51
Forbach	26	-2	158	57
Forchheim	24	-5	114	55
Forst	26	-2	111	51
Forst	23	-3	113	52
Frammersbach	24	-2	111	53
Frankenau	18	-2	126	48
Frankenberg	24	-4	169	55
Frankenberg	18	-2	126	50
Frankenhoehe	24	-4	114	58
Frankenried	24	-5	173	54
Frankenroda	24	-3	170	49
Frankenthal	25	-2	111	52
Frankfurt	23	-4	166	57
Frankweiler	25	-3	111	51
Frasdorf	25	-6	184	56
Frauenau	24	-6	187	56
Frauenchiemsee	23	-5	173	56
Frauenmark	22	-3	190	52
Frauenstein	24	-5	169	57
Frechen	23	-1	180	50
Fredersdorf	23	-3	166	55
Freest	21	-2	113	55	8
Freiamt	26	-2	158	55
Freiberg	24	-4	169	58
"Freiberg am Neckar"	23	-4	167	59
Freiburg	25	-2	174	50
Freiburg-Elbe	22	-2	190	50
Freiensteinau	24	-2	111	50
Freigericht	24	-2	111	53
Freilassing	23	-7	184	53
Freinsheim	25	-2	111	51
Freising	23	-5	173	57
Freren	22	-2	122	48
Freudenberg	23	-1	180	50
Freudenberg	24	-3	111	52
Freudenstadt	26	-2	158	57
Freudental	23	-4	167	57
Freyburg	24	-3	170	48
Freyung	24	-6	187	57
Frickenhausen	23	-4	167	59
Frickingen	23	-5	173	59
Friedberg	24	-2	111	50
Friedeburg	20	-1	199	48
Friedenweiler	26	-3	134	58
Friedewald	18	-2	126	48
Friedland	21	-2	113	52	8
Friedrichroda	24	-3	170	49
Friedrichsbrunn	22	-3	122	46
Friedrichsdorf	24	-2	111	50
Friedrichshafen	23	-5	173	56
Friedrichskoog	20	-1	199	51
Friedrichstadt	19	-2	138	54
Frielendorf	18	-2	126	49
Friesoythe-Thuele	20	-2	199	51
Froendenberg	22	0	143	51
Fuhlendorf	21	-2	113	55	8
Fulda	18	-2	126	50
"Furth im Wald"	24	-5	150	64
Furtwangen	25	-2	158	56
Foeckelberg	23	-2	129	52
Foehr	19	-1	133	56	9
Fuerstenberg	23	-3	166	54
Fuerstenberg	18	-2	126	50
Fuerstenberg	20	-2	199	48
Fuerstenfeldbruck	24	-5	173	55
Fuerstenwalde	23	-3	166	56
Fuerth	24	-4	114	59
Fuessen	25	-7	172	59
Gadebusch	22	-2	190	50
Gager	21	-3	113	55	8
Gaggenau	25	-2	158	58
Gaienhofen	23	-5	173	57
Gailingen	25	-3	134	57
Gaimersheim	23	-5	173	56
Gammelin	21	-2	113	55
Ganderkesee	23	-2	174	48
Garbsen	22	-2	122	47
Garching	23	-4	173	55
Garding	19	-1	133	55	9
"Garmisch Partenkirchen"	25	-7	172	61
Garrel	22	-2	174	51
Garrel-Petersfeld	22	-3	174	49
Gartow	21	-2	113	54
"Gartow am See"	23	-2	113	55
Gau-Odernheim	24	-2	111	50
Gauernitz	24	-4	169	58
Gauting	23	-5	173	57
Gebersdorf	24	-5	114	55
Geesthacht	22	-2	190	48
Gehlberg	24	-2	170	46
Gehren	24	-3	170	47
Geiersthal	23	-5	173	55
Geiselgasteig	23	-5	173	55
Geiselhoering	23	-5	173	57
Geiselwind	24	-4	114	58
Geisenhausen	23	-5	173	59
Geisenheim	24	-2	111	52
Geising	24	-5	169	57
"Geislingen an der Steige"	23	-4	167	62
Geldern	24	0	197	40
Gelnhausen	24	-2	111	49
Gelsenkirchen	21	-1	197	47
Gelting	23	-4	173	55
Geltow	23	-3	113	53
Gemuenden	25	-2	111	49
Gemuenden	23	-1	129	51
Gengenbach	25	-2	158	56
Genshagen	23	-3	113	53
Genthin	23	-3	113	54
Georgenberg	24	-5	114	58
Georgenthal	24	-2	111	51
Georgenthal	24	-3	170	46
Georgsmarienhuette	22	-2	122	46
Gera	24	-3	170	49
Geretsried	24	-6	173	54
Gerhardshofen	24	-4	114	58
Gerlingen	23	-4	167	60
Germering	23	-5	173	58
Germersheim	24	-3	111	49
Gernrode	22	-3	122	51
Gernsbach	25	-2	158	55
Gernsheim	24	-2	111	53
Gerolstein	23	-2	129	51
Gerolzhofen	24	-4	114	56
Gersfeld	25	-3	170	49
Gersthofen	23	-5	173	58
"Gerswalde - Herrenstein"	24	-3	113	54
Gevelsberg	21	-1	197	48
Geyer	24	-5	150	61
"Giengen an der Brenz"	23	-4	167	59
Giesen	22	-2	122	48
Giessen	24	-3	111	51
Gifhorn	22	-2	122	47
Gillenfeld	23	-1	129	52
Gilserberg-Schoenstein	18	-2	126	50
Gingst	21	-3	113	58	8
Ginsheim	24	-3	111	53
Girod	23	-3	111	50
Gladbeck	21	-1	197	45
Glatt	23	-4	167	60
Glauchau	24	-4	169	57
Gleiszellen-Gleishorbach	24	-2	111	49
Gleissenberg	24	-4	114	58
Glesien	24	-3	170	45
Glinde	23	-2	190	50
Glindow	23	-3	113	54
Glonn	23	-5	173	56
Glottertal	25	-2	158	56
Glowe	20	-2	106	56	8
Gluecksburg	21	-2	138	52
"Gmund am Tegernsee"	24	-7	172	57
Gnewikow	23	-3	113	55
"Goch am Niederrhein"	24	0	197	39
Gohrisch	24	-4	169	57
Goldberg	21	-1	113	55
Gollwitz	21	-2	113	55	8
Gomadingen	23	-4	167	62
Gomaringen	23	-4	167	58
Gommern	24	-3	170	46
Gondorf	23	-2	129	52
Goslar	22	-2	122	49
Gotha	23	-3	170	45
Gotha	22	-2	122	48
Gottenheim	23	-4	167	59
Gotthun	21	-2	113	56
Graal-Mueritz	22	-2	113	56	8
Grafenau	24	-6	187	57
Grafenhausen	25	-3	134	59
Grafenwiesen	24	-5	150	64
Grainau	25	-7	172	60
Grainet	24	-6	187	58
Gramzow	23	-3	113	56
Granzow	21	-2	113	53
Grasbrunn	23	-4	173	57
Grasellenbach	25	-3	111	51
Grassau	26	-7	184	56
Gravenbruch	24	-2	111	52
Greetsiel	21	-2	138	43
Grefrath	23	-1	180	49
Greifswald	22	-2	113	55	8
Greiz	24	-4	114	55
Gremberghoven	23	-1	180	50
Gremsdorf	24	-4	114	59
Grenzach	23	-5	167	59
Greven	22	-2	122	49
Grevenbroich	23	0	197	42
Grevenkrug	20	-3	138	53
Grieben	21	-2	113	55	8
Gries	23	-1	129	50
Griesheim	24	-2	111	52
Grimma	24	-4	170	47
Grimmen	21	-2	113	53	8
Gronau	22	-2	122	48
"Gross Breesen"	21	-2	113	56	8
"Gross Schwansee"	21	-2	113	53	9
"Gross Wittensee"	20	-3	138	52
"Gross Zecher"	22	-2	190	51
Grossbettlingen	23	-4	167	57
Grossbreitenbach	24	-4	170	49
Grossenbrode	20	-2	138	52
Grossenkneten	22	-2	174	50
Grosskochberg	23	-3	170	49
"Gross Beuchow"	23	-3	166	57
"Gross Breese"	21	-2	113	58
"Gross Duengen"	20	-1	199	48
"Gross Gerau"	24	-2	111	50
"Gross Kreutz"	23	-3	113	55
"Gross Koeris"	23	-3	166	58
"Gross Meckelsen"	22	-2	174	51
"Gross Nemerow"	21	-2	113	56	8
"Gross Plasten"	21	-2	113	54	8
"Gross Schneen"	18	-2	126	49
"Gross Schoenebeck"	23	-3	113	55
"Gross Stroemkendorf"	21	-2	113	57	8
"Gross Zicker"	21	-2	113	55	8
Gross-Umstadt	24	-3	111	50
Grossbeeren	23	-3	113	53
Grossburgwedel	22	-2	122	48
Grossebersdorf	24	-4	114	55
Grossefehn	21	-2	138	44
"Grosses Meer"	21	-2	138	46
Grosshartau	24	-4	169	58
Grossheubach	24	-2	111	51
Grossholzhausen	23	-5	173	53
Grosskoschen	24	-4	169	57
Grossliebringen	24	-3	170	47
Grosslittgen	23	-1	129	53
Grossrosseln	23	-1	129	53
Grossschirma	24	-4	169	57
Grossschoenau	23	-5	169	60
Grossweil	25	-7	172	59
Grossziethen	23	-3	166	55
Graefenhainichen	24	-3	170	49
Graefenthal	24	-4	114	60
Graevenwiesbach	24	-2	111	52
Groebenzell	23	-5	173	57
Groeditz	24	-4	169	59
Groemitz	22	-2	190	48
Gruenendeich	23	-2	174	48
Gruenhain	24	-5	150	63
Gruenheide	23	-3	166	58
Gruenkraut	23	-5	173	55
Gruenstadt	24	-2	111	51
"Gruenstadt Asselheim"	24	-2	111	52
Gruenwald	23	-4	173	54
Gstad	22	-5	173	57
Gummersbach	24	-2	180	48
Gundelfingen	25	-1	174	53
"Gundelfingen an der Donau"	24	-5	173	57
Gundelsheim	24	-2	111	52
Gunderath	24	-1	129	52
Gundersheim	24	-2	111	49
Guntersblum	24	-3	111	51
Gunzberg	23	-5	173	54
Gunzenhausen	23	-5	173	57
Gustow	21	-2	113	52	8
Gutach	25	-2	158	55
Guxhagen	18	-2	126	48
Gaertringen	24	-4	167	62
Gaeufelden	23	-4	167	61
Goehrde	21	-2	113	54
Goehren	21	-2	106	56	8
"Goehren - Lebbin - Fleesensee"	21	-2	113	54
Goeppingen	23	-4	167	56
Goerlitz	24	-4	169	56
Goerwihl	25	-3	134	56
Goessweinstein	23	-5	173	58
Goettelfingen	23	-4	167	57
Goettingen	18	-2	126	46
Goessweinstein	24	-4	114	58
Gueglingen	24	-4	167	59
Guehlen-Glienicke	23	-2	113	53
Guelstorf	22	-2	190	49
Guentersberg	25	-6	184	56
Guentersberge	24	-4	170	46
Guenzburg	23	-5	173	57
Guesten	25	-3	170	46
Guestrow	21	-2	113	54	8
Guetersloh	22	0	143	50
Haan	23	0	197	39
Haar	23	-5	173	56
Habernis	20	-3	138	54
Hachenburg	24	-1	180	46
Hackenheim	23	-1	129	54
Hadamar	25	-2	111	52
Hagen	23	0	143	50
"Hagen am Teutoburger Wald"	22	-2	122	50
Hagenow	21	-2	113	55
Hagnau	23	-5	173	55
Hahn	24	-2	111	49
"Hahn Flughafen Frankfurt-Hahn"	23	-1	129	55
Hahnenklee	22	-3	122	47
Hahnenklee-Bockswiese	22	-2	122	47
Haida	24	-4	169	57
Haidmuehle	24	-6	187	58
Haiger	24	-2	180	50
Haigerloch	23	-4	167	60
Halbe	23	-3	166	57
Halberstadt	22	-2	122	47
Halblech	25	-8	172	58
Haldensleben	22	-3	122	46
Halfing	24	-7	184	56
Hallbergmoos	23	-5	173	56
Halle	23	-3	170	46
"Halle - Westfalen"	22	-3	122	49
Hallenberg	22	0	143	48
Hallenberg	22	0	143	49
"Hallig Hooge"	20	-1	133	58	9
"Hallig Langeness"	19	-1	133	57	9
Halsbach	23	-5	173	56
Halsenbach	23	-1	129	53
"Haltern am See"	22	0	143	48
"Hamburg - Altona"	22	-2	190	49
"Hamburg - Bergedorf"	22	-3	190	50
"Hamburg - Billstedt"	22	-2	190	51
"Hamburg - Fuhlsbuettel"	22	-2	190	47
"Hamburg - Lohbruegge"	23	-2	190	50
Hameln	23	-2	122	46
Hamm	22	0	143	45
Hammer	24	-6	184	55
Hammersbach	24	-2	111	50
Hamminkeln	21	-1	197	47
Hanau	24	-2	111	51
Hanerau-Hademarschen	21	-3	138	51
Hankensbuettel	20	-1	199	51
"Hann. Muenden"	18	-2	126	49
Hanstedt	22	-2	190	51
Happurg	24	-4	114	56
Haren	21	-2	138	44
Harlesiel	20	-1	199	51
Harpstedt	22	-2	174	49
Harrislee	19	-1	133	54	9
Harsewinkel	22	-2	122	49
Hartenstein	24	-5	150	64
Hartha	24	-4	169	57
Harthausen	23	-5	173	58
Harthausen	24	-2	111	52
Hartmannsdorf	24	-4	169	58
Hasbergen	20	-1	199	48
Hasel	25	-2	174	53
Haseluenne	22	-2	122	47
"Haslach i. K."	25	-2	158	55
Hasloch	23	-6	173	55
"Hassel Bergen"	22	-2	122	47
Hasselberg	21	-2	138	53
Hasselfelde	22	-2	122	50
Hassloch	24	-3	111	48
Hattersheim	24	-2	111	50
Hattert	23	-1	180	48
Hattingen	21	-2	197	47
Hattstedtermarsch	19	-2	133	57	9
Hauenstein	24	-1	129	52
Haundorf	24	-4	114	57
"Hausen bei Wuerzburg"	24	-3	114	57
"Hausen ob Verena"	25	-3	134	55
Hausen-Roth	24	-3	170	48
Hausham	25	-7	172	59
Hauzenberg	25	-5	187	58
Havixbeck	22	-2	122	49
Hayingen	23	-4	167	57
Hassfurt	24	-4	114	56
Hassmersheim	24	-3	111	51
"HC User-Treffen"	23	-2	174	46
Hechenberg	24	-6	173	58
Hechingen	23	-4	167	59
Hechlingen	23	-5	173	57
Hechthausen	21	-1	199	50
Heide	20	-3	138	51
Heidekrug	22	-2	190	51
Heidelberg	24	-3	111	51
Heidenau	24	-4	169	59
Heidenau	22	-2	190	51
"Heidenheim an der Brenz"	23	-5	173	58
Heidesee	23	-4	166	57
Heidkate	21	-2	138	50
Heigenbruecken	24	-2	111	51
Heilbachsee	24	-1	129	53
Heilbronn	23	-5	167	59
Heiligenberg-Steigen	23	-5	173	54
Heiligendamm	21	-2	113	57	8
Heiligenhafen	20	-2	138	51
Heiligenhaus	21	-1	197	46
Heiligenrode	18	-2	126	51
Heiligenstadt	18	-3	126	46
Heiligenstadt	24	-4	114	58
Heimbuchenthal	24	-2	111	50
Heimhausen	23	-4	167	61
Heimsheim	23	-4	167	58
Heising	23	-5	173	57
Heitersheim	25	-2	174	52
Helgoland	20	-1	199	51
Hellengerst	23	-6	173	54
Helmbrechts	24	-4	114	56
Helmstadt	24	-2	111	50
Helmstedt	22	-2	122	49
Hemmingen	22	-2	122	47
Hemmoor	20	-1	199	53
"Hemsbach a. d. Bergstrasse"	24	-2	111	54
Hemslingen	22	-2	174	51
Hengersberg	24	-6	187	58
Hennef	23	-1	180	48
Hennigsdorf	23	-3	113	55
"Hennstedt Steinburg"	22	-2	190	50
"Henstedt - Ulzburg"	22	-2	190	50
Heppenheim	25	-2	111	53
Herbitzheim	23	-1	129	50
Herbolzheim	25	-2	158	57
Herborn	23	-1	129	50
Herbstein	24	-4	111	52
Herdecke	23	0	143	49
Herdwangen-Kleinschoenach	23	-5	173	56
Herford	22	0	143	49
Heringhausen	22	0	143	49
Heringsdorf	21	-2	113	55	8
Hermannsburg	23	-2	122	47
Hermsdorf	24	-4	169	59
Herne	22	-1	197	49
Herold	24	-2	111	50
Heroldsbach	24	-4	114	56
Heroldsberg	23	-5	173	54
Heroldstatt	23	-4	167	58
Herrenberg	23	-4	167	58
Herreninsel	24	-6	184	56
Herrieden	24	-4	114	60
Herrischried	25	-2	174	54
Herrsching	22	-5	173	56
Hersbruck	23	-4	114	58
Herscheid	23	0	143	49
Herten	21	0	197	49
Hervest	22	-1	197	47
Herxheim	24	-2	111	50
Herzberg	24	-4	169	59
Herzberg	18	-2	126	50
Herzogenaurach	24	-4	114	58
Herzogenrath	22	-1	131	50
Herzogsweiler	24	-4	167	57
Hesborn	23	-1	180	48
Hesel	20	-1	199	50
"Hessisch Oldendorf"	22	-2	122	48
Hetzdorf	24	-4	169	59
Heuweiler	25	-2	158	57
Hilchenbach	22	0	143	48
Hildburghausen	24	-3	170	49
Hilden	23	0	197	43
Hilders	24	-4	170	47
Hildesheim	22	-2	122	49
Hille	22	-3	122	49
Hillesheim	23	-1	129	55
Hilpoltstein	24	-4	114	60
Hilzingen	25	-3	134	57
Himmelkron	24	-5	114	58
Hinterhermsdorf	24	-4	169	58
Hinterzarten	25	-2	174	53
Hirsau	23	-4	167	59
Hirschaid	24	-6	114	57
Hirschau	24	-4	114	57
Hirschbach	24	-4	114	57
Hirschberg-Heidelberg	24	-3	111	50
Hirschhorn-Langenthal	24	-2	111	51
Hittfeld	22	-2	190	49
Hitzacker	21	-4	113	58
Hochdorf	23	-4	167	59
"Hochheim am Main"	24	-2	111	50
Hockenheim	24	-2	111	49
Hodenhagen	22	-2	122	48
"Hoehn Oelingen"	23	-1	129	50
Hof	24	-4	114	58
Hofbieber	24	-3	170	45
Hofgeismar	18	-2	126	50
"Hofheim am Taunus"	24	-2	111	49
Hofheim-Diedenbergen	24	-2	111	51
Hofstetten	25	-2	158	56
Hohegeiss	22	-2	122	46
"Hohen Demzin"	21	-1	113	55	8
"Hohen Neuendorf"	23	-4	113	55
"Hohen Schoenberg"	22	-2	190	51
"Hohen Wieschendorf"	22	-2	190	52
Hohenau	24	-5	187	59
Hohenbercha	23	-5	173	55
Hohendorf	21	-2	113	54	8
Hohenfurch	23	-5	173	57
Hohenlinden	24	-4	173	53
Hohenpeissenberg	25	-7	172	57
Hohenroda	24	-2	111	52
Hohenschwangau	24	-7	172	60
Hohenstein	24	-2	111	51
Hohenstein-Ernssthal	24	-5	150	62
Hohenwarth	24	-5	150	61
Hohenwarthe	22	-2	122	50
Hohndorf	24	-6	150	65
Hohnstein	24	-4	169	59
Hohwacht	20	-2	138	50
Hollenstedt	22	-3	190	50
"Hollern - Twielenfleth"	22	-2	190	49
Hollfeld	23	-4	114	56
Holsthum	22	-1	182	53
Holzerath	23	-1	182	54
Holzgerlingen	23	-4	167	59
Holzhau	24	-4	169	61
Holzhausen	23	-5	173	54
Holzkirchen	23	-5	173	55
Holzminden	18	-2	126	49
Homburg	23	-1	129	53
Hooksiel	20	-2	199	47
Hopfau	23	-4	167	59
"Hopfen am See"	25	-7	172	57
Hoppegarten	23	-3	166	56
Horath	23	-1	129	55
"Horb am Neckar"	23	-4	167	60
Horbach	23	-5	173	58
Horben	24	-2	174	53
Horbruch	23	-1	129	52
Horgau	23	-6	173	55
Horn	22	-1	143	49
Horn	23	-4	167	58
Horn	23	0	143	47
"Horn-Bad Meinberg"	22	0	143	49
Hornbach	24	-1	129	52
Hornberg	25	-3	158	57
Hornberg-Niederwasser	25	-2	158	57
Horst	22	0	143	46
Horstmar	22	-2	122	48
Horum	20	-1	199	51
Horumersiel	20	-1	199	52
Hosenfeld	24	-2	111	52
Hoyerswerda	24	-4	169	58
Hude-Hurrel	22	-2	174	50
Hunderdorf	23	-4	173	53
Hungen	24	-2	111	50
Husum	20	-1	133	57	9
"Haehnichen - Heinrichswalde"	24	-4	169	58
Haeusern	25	-3	134	57
Hoechberg	24	-3	114	55
Hoechenschwand	25	-3	134	57
Hoechst	24	-2	111	53
"Hoechst im Odenwald"	25	-2	111	53
Hoeckendorf	24	-4	169	56
"Hoefen an der Enz"	23	-3	167	57
"Hoehr - Grenzhausen"	23	-1	180	50
Hoenow	24	-3	166	57
Hoerlitz	23	-3	113	56
Hoernitz	25	-4	169	59
Hoernum	20	-1	133	53	9
Hoerstel	22	-2	122	48
Hoesbach	25	-2	111	52
Hoeslwang	24	-5	184	56
Hoevelhof	22	0	143	50
Hueckelhoven	22	-2	131	49
Hueffenhardt	24	-2	111	50
Huefingen	25	-3	134	54
Huelperode	22	-2	122	48
Huenfeld	18	-2	126	50
Huertgenwald	22	-1	131	49
"Huerth bei Koeln"	23	-1	180	48
Huettental	25	-2	111	52
Ibach	26	-2	174	53
Ibbenbueren	23	-2	122	46
Ichenhausen	24	-6	173	56
Idar-Oberstein	23	-1	129	51
Idstein	24	-2	111	51
Iffeldorf	25	-7	172	57
Iffezheim	25	-3	158	57
Ihlpohl	20	-1	199	47
Ihringen	25	-2	174	54
Ilfeld	24	-3	170	46
Illertissen	23	-4	173	55
Illingen	23	-1	129	51
Illmensee	23	-5	173	58
Illschwang	25	-4	114	56
Ilmenau	25	-4	170	47
Ilsenburg	22	-2	122	46
Ilsfeld	23	-5	167	60
Ilshofen	23	-4	167	57
Imberg	25	-5	173	55
Immenstaad	23	-5	173	57
Immenstadt	23	-5	173	56
Ingelfingen	23	-4	167	58
"Ingelheim am Rhein"	24	-3	111	54
Ingolstadt	23	-5	173	56
"Insel Amrum"	19	-1	133	56	9
"Insel Baltrum"	20	-2	199	48
"Insel Fehmarn"	20	-2	138	51
"Insel Juist"	21	-2	138	42
"Insel Langeoog"	20	-1	199	52
"Insel Pellworm"	19	-1	133	55	9
"Insel Ruegen"	21	-2	113	54	9
"Insel Toeplitz"	23	-4	113	52
Inzell	24	-6	184	59
Inzlingen	25	-2	174	56
Iphofen	24	-3	114	56
Irschenberg	23	-5	173	58
Iserlohn	22	0	143	48
Isernhagen	22	-2	122	45
Ising	24	-6	184	57
Ismaning	23	-5	173	56
Isny	22	-5	173	55
Isselburg	21	-1	197	48
Isselburg-Anholt	21	-1	197	48
Jade-Sehestedt	20	-1	199	49
Jagel	20	-2	138	53
Jagsthausen	23	-5	167	59
Jena	23	-3	170	46
Jestetten	25	-3	134	56
Jettingen-Scheppach	23	-5	173	59
Jevenstedt	20	-2	138	51
Jever	20	-1	199	49
Joachimsthal	24	-3	113	56
Johanngeorgenstadt	24	-5	150	65
Jonsdorf	24	-4	169	58
Juliusruh	20	-2	106	59	8
Joehstadt	24	-6	150	60
Joessnitz	24	-4	114	55
Jueterbog	23	-3	166	59
Kaarst	25	0	197	40
Kaarz	21	-2	113	52
Kahren	24	-4	169	58
Kaikenried	23	-5	173	55
Kainsbach	24	-4	114	57
Kaiserslautern	24	-3	111	51
"Kalbe an der Milde"	22	-2	122	47
Kalenborn	24	-1	180	49
Kalkar	21	-1	197	46
Kallenhardt	22	0	143	47
Kallmuenz	24	-4	114	56
Kaltenberg	23	-5	173	58
Kaltenkirchen	22	-2	190	50
Kamen	23	-1	143	49
Kamenz	23	-4	169	56
Kamp-Bornhofen	23	-1	129	54
Kamp-Lintfort	23	0	197	40
Kampen	19	-2	133	55	9
Kandern	26	-2	174	53
Kapellen	23	0	197	38
Kapfenhardt	23	-4	167	60
Kappel-Grafenhausen	25	-2	158	57
Kappeln	20	-2	138	53
Kappelrodeck	25	-2	158	57
Karben	24	-2	111	51
Karby	20	-2	138	52
Karlshagen	21	-2	113	54	8
Karlsruhe	24	-2	111	51
Karlstadt	25	-3	111	51
Karnin	21	-2	113	54	8
Karolinenkoog	21	-3	138	52
Kartlow	21	-2	113	53	8
Kassel	18	-2	126	47
Kastellaun	23	-1	129	49
Kaster	23	-1	197	40
Kastl	24	-4	114	56
Katingsiel	20	-1	133	56	9
Katzow	21	-3	113	55	8
"Kaub am Rhein"	23	-2	129	50
Kaufbeuren	23	-5	173	58
Kaufering	23	-5	173	56
Kehl	25	-2	158	57
Kehrum	21	-1	197	48
Keitum	19	-1	133	57	9
Kelberg	23	-1	129	52
Kelbra	25	-3	170	49
Kelheim	23	-5	173	57
"Kelkheim Taunus"	24	-3	111	48
"Kell am See"	23	-1	182	56
Kellberg	24	-6	187	58
Kellenhusen	21	-2	190	49
Kelsterbach	24	-2	111	51
Kemberg-Lubast	24	-3	170	46
Kemnitz	21	-2	113	55
Kempfeld	23	-1	129	53
Kempten	22	-5	173	56
Kenzingen	25	-2	158	56
Kerken	23	0	197	40
Kerpen	23	-1	180	47
Kerzenheim	24	-3	111	51
Kestert	23	-1	129	51
Kevelaer	24	0	197	40
Kiefersfelden	24	-6	184	57
Kiel	21	-2	138	51
Kinding	24	-5	114	57
Kipfenberg	24	-4	114	58
Kirchberg	24	-1	129	49
"Kirchberg vorm Wald"	24	-4	114	57
"Kirchdorf am Inn"	23	-5	173	54
"Kirchdorf Insel Poel"	22	-2	190	49
Kirchen-Katzenbach	23	-1	180	47
Kirchensittenbach	24	-4	114	57
Kirchham	24	-6	184	57
Kirchheim	18	-3	126	51
"Kirchheim am Ries"	23	-5	173	55
"Kirchheim bei Muenchen"	23	-5	173	59
"Kirchheim unter Teck"	23	-4	167	61
Kirchheimbolanden	24	-2	111	51
Kirchlinteln	22	-2	174	49
Kirchundem-Oberhundem	22	-1	143	47
Kirchzarten	25	-3	174	55
"Kirn Nahe"	23	-1	129	54
Kirschau	24	-4	169	59
Kittendorf	21	-1	113	57	9
Kitzingen	24	-4	114	59
Kisslegg	23	-5	173	55
Klais	25	-7	172	57
Klausdorf	20	-2	138	52
Klausdorf	23	-3	166	56
Klausdorf	23	-3	166	57
"Klein Labenz"	21	-2	113	56	8
"Klein Nemerow"	21	-2	113	55	8
"Klein Niemerow"	22	-1	113	55	8
Kleinaspach	23	-4	167	59
Kleinich	23	-1	129	50
Kleinkoetz	23	-5	173	57
Kleinmachnow	23	-3	166	59
Kleinzerlang	24	-3	113	54
Klettwitz	24	-4	169	59
Kleve	21	-1	197	48
"Kleve Itzehoe"	22	-2	190	48
Klieken	24	-2	170	48
Klingberg	22	-3	190	49
Klingenberg	25	-4	169	61
Klingenberg	24	-2	111	50
Klingenthal	24	-5	150	65
"Klink an der Mueritz"	21	-2	113	54	8
Klipphausen	24	-4	169	59
Kloster	21	-2	113	53	9
"Kloster Zinna"	23	-3	166	57
Klosterlangheim	24	-5	114	60
Klotten	23	-1	129	52
Klaeden	21	-2	113	53
Kloetze	23	-2	122	48
Knappensee	24	-4	169	58
Knuellwald	18	-2	126	49
Kobern-Gondorf	23	-1	129	53
Koblenz	23	-1	129	49
Koblenz-Guels	22	-1	129	49
"Kochel am See"	25	-8	172	61
Kofferen	22	-1	131	49
Kolbermoor	23	-4	173	58
Kolkwitz	24	-3	170	46
Kollnburg	23	-5	173	54
Konken	24	-1	129	52
Konstanz	23	-4	173	55
Konz	23	-2	182	55
Konzell	23	-5	173	55
Kopp	23	-1	129	53
Korb	23	-4	167	60
Korbach	18	-2	126	52
Kornberg	18	-2	126	47
Korntal-Muenchingen	23	-4	167	58
Korswandt	21	-2	113	55	9
Koserow	21	-2	113	54	8
"Krakow am See"	21	-2	113	58	8
Kranzbach	23	-6	173	55
Krausnick	23	-4	166	58
Krefeld	24	0	197	38
Kreischa	24	-4	169	55
Kremmen	23	-3	113	54
Kressbronn	23	-5	173	55
Kreuth	25	-7	172	57
Kreuzwertheim	24	-2	111	50
Kriebstein	24	-4	169	60
Krienke	21	-2	113	57	8
Kronach	25	-4	114	56
Kronberg	24	-2	111	52
Kronenburg	23	-2	129	52
Kronsgaard	20	-2	138	53
Krumbach	23	-5	173	54
Krummendeich	22	-2	190	50
Kroev	23	-1	129	51
Kruen	25	-7	172	56
Kulmbach	24	-4	114	57
Kummerow	21	-2	113	56	9
Kupferzell	24	-4	167	59
"Kurort Rathen"	24	-4	169	58
Kusel	23	-1	129	51
Kyritz	21	-2	113	53
Kaegsdorf	21	-2	113	54	8
Kaelberbronn	23	-4	167	59
Koelleda	24	-3	170	50
Koelpinsee	21	-2	113	56	8
Koengen	23	-4	167	59
"Koenigs Wusterhausen"	23	-3	166	57
Koenigsbrunn	23	-5	173	55
Koenigsfeld	25	-2	158	55
"Koenigsfeld im Schwarzwald"	25	-3	158	54
Koenigslutter	22	-2	122	48
Koenigssee	25	-6	184	55
Koenigstein	23	-3	169	57
Koenigstein	24	-4	114	55
Koenigstein	24	-2	111	52
"Koenigstein - Falkenstein"	24	-2	111	51
Koenigswinter	23	-1	180	51
Kuehlungsborn	21	-3	113	52	8
Kuehrstedt	20	-1	199	49
Kuelsheim-Steinfurt	23	-4	167	58
Kuenzell	25	-3	170	46
Kuesten-Luebeln	21	-2	113	55
Laatzen	22	-2	122	45
Laboe	21	-2	138	51
Lackenhaeuser	24	-6	187	57
Ladbergen	22	-2	122	45
Ladenburg	24	-2	111	51
Lahnstein	23	-2	129	52
Lahr	25	-2	158	54
Lalling	24	-6	187	57
Lam	24	-6	150	63
Lambertsberg	24	-1	129	55
Lampertheim	25	-3	111	53
Lancken-Granitz	21	-2	113	57	8
"Landau in der Pfalz"	24	-2	111	48
"Landsberg am Lech"	23	-5	173	55
Landscheid	23	-2	129	52
Landsham	24	-5	173	57
Landshut	23	-5	173	57
Landstuhl	23	-1	129	53
Langdorf	24	-6	187	60
Langelsheim-Wolfshagen	23	-3	122	49
Langen	24	-2	111	52
Langenargen	23	-5	173	55
Langenfeld	23	0	197	40
Langenhagen	22	-2	122	48
Langenselbold	24	-2	111	52
Langenwaldsee	25	-2	158	56
Langenzenn	22	-5	173	55
Langfurth	24	-4	114	57
Lanke	24	-4	113	55
Laubach	24	-2	111	50
Laubach	23	-1	129	53
Lauben	23	-5	173	56
Lauchheim	23	-6	173	56
Lauchringen	23	-4	167	58
Lauda-Koenigshofen	24	-2	111	51
Lauenau	22	-3	122	48
Lauenburg	22	-3	190	48
Lauenstein	24	-4	169	57
Laufen	24	-7	184	55
Lauffen	23	-4	167	58
Laupheim	23	-5	173	56
Lauscha	24	-4	114	57
Lautenbach	25	-2	158	57
Lautenthal	22	-3	122	47
Lauter	24	-5	150	65
Lauterbach	25	-2	158	57
Lauterbach	18	-2	126	49
Lauterbach	21	-3	113	54	8
Lautertal	23	-5	173	56
Lautrach	23	-5	173	57
Lautzenhausen	25	-1	129	55
"Lechbruck am See"	25	-7	172	56
Leer	22	-2	138	47
Legden	23	-2	122	48
Lehesten	24	-5	114	60
Lehmkuhlen	20	-2	138	52
Lehrte	21	-2	122	49
Leimen	24	-2	111	52
Leinfelden-Echterdingen	24	-4	167	58
Leinsweiler	24	-2	111	54
Leipheim	23	-4	173	55
Leisnig	24	-3	170	47
Leiwen	24	-1	129	51
Leizen	21	-2	113	56
Leissling	24	-3	170	47
Lembruch	22	-2	122	49
Lemgo	22	0	143	50
Lemkenhafen	20	-2	138	52
Lengede	22	-3	122	49
Lengenfeld	25	-4	114	56
Lengenfeld	25	-7	172	57
Lengenwang	25	-7	172	59
Lengerich	22	-3	122	49
Lenggries	25	-7	172	56
Lenkerstetten	23	-4	167	59
Lennestadt	22	-1	143	49
Lenzkirch	25	-4	134	58
Leonberg	23	-4	167	60
Leutenberg	24	-4	114	56
Leverkusen	23	-1	180	47
Levern	22	-2	122	48
Lich	24	-2	111	49
Lichte	24	-3	170	46
Lichtenau	23	-2	180	49
Lichtenfels	18	-2	126	50
Lichtenhain	24	-4	169	56
Lichtenhain	24	-3	170	46
Lichtenstein-Honau	23	-4	167	58
Lichtenwalde	24	-3	169	60
Lichterfeld	24	-4	169	58
"Lichtetal am Rennsteig"	24	-3	170	45
Liebenwalde	23	-2	113	51
Lieg	23	-1	129	51
Lienen	22	-2	122	49
Lienheim	23	-4	167	61
Lietzow	21	-2	113	56	8
Lilienthal	22	-2	174	49
Limbach	25	-2	111	53
Limbach-Oberfrohna	23	-3	170	46
Limberg	24	-4	169	60
Limburg	25	-2	111	50
Limburgerhof	25	-3	111	52
Lindau	23	-6	173	56
Lindberg	23	-6	187	57
Linden	24	-2	111	48
"Lindenberg i. Allgaeu"	23	-5	173	57
Linderbach	24	-4	170	47
Lindlar	23	-1	180	50
Lingen	22	-2	122	46
Linnich	22	-2	131	49
Linsengericht	24	-2	111	49
Linstow	21	-2	113	55	8
Linum	23	-3	113	56
Linz	24	-1	180	50
Lippstadt	22	0	143	48
List	19	-1	133	59	9
Lobbe	21	-2	113	53	9
Lobenstein	24	-4	114	58
Loddin	21	-2	113	56	8
Lohberg	24	-5	150	63
Lohfelden	18	-2	126	48
Lohmar	23	-1	180	50
Lohme	20	-2	106	56	8
Lohmen	24	-4	169	60
Lohne	20	-2	199	51
"Lohr am Main"	25	-3	111	52
Lohr-Steinbach	24	-2	111	52
Longkamp	23	-1	129	52
Lonvitz	21	-2	113	58	8
Lorsch	24	-3	111	52
Losentitz	21	-2	113	56	8
Losheim	23	-1	182	54
Lossburg	25	-2	158	55
Lottstetten	23	-4	167	60
Luckenwalde	23	-3	166	56
Ludorf-Zielow	21	-2	113	54
Ludwigsburg	24	-4	167	60
Ludwigsfelde	23	-3	166	59
"Ludwigshafen am Rhein"	24	-2	111	53
Ludwigslust	21	-2	113	57
Ludwigswinkel	23	-1	129	53
Luisenthal	24	-3	170	49
Lunzenau	24	-3	170	49
Lutter	18	-3	126	50
Lutterloh	22	-2	122	48
Lychen	23	-3	113	53
Loebau	24	-5	169	58
Loecherberg	25	-3	158	57
Loederburg	24	-3	170	48
Loef	23	-2	129	52
Loeffingen	25	-3	134	58
Loehne	23	0	143	50
Loerrach	25	-2	174	56
Loewenbruch	23	-3	166	56
"Loewenstein - Hoesslinsuelz"	23	-4	167	58
Luebbecke	22	-2	122	46
Luebben	23	-4	166	55
Luebbenau	23	-3	166	58
Luebeck	22	-2	190	50
"Luebecker Bucht"	22	-2	190	48
Luebz	21	-2	113	55
"Luechow Wendland"	21	-2	113	54
Luedenscheid	22	0	143	47
Luedersburg	22	-2	190	50
Luedinghausen	22	0	143	48
Lueneburg	22	-2	190	51
Lueneburg-Adendorf	22	-2	190	48
Luenen	22	-1	143	47
Luetjenburg	20	-2	138	51
Luetjensee	22	-3	190	48
Luetow	21	-3	113	57	8
Luetz	23	-1	129	53
Luetzenhardt	25	-2	158	53
Luetzschena	24	-3	170	48
Machern	23	-3	170	49
Magdeburg	22	-2	122	49
Mahlberg	26	-2	158	56
Mahlow	24	-3	166	55
Maibrunn	23	-5	173	57
Maierhoefen	22	-5	173	54
Maikammer	24	-2	111	52
Mainhardt	23	-3	167	59
Mainleus	24	-4	114	57
Maintal	25	-2	111	51
Mainz	25	-3	111	50
Malchow	21	-2	113	57
Malsburg	25	-2	174	55
Malsch	25	-2	158	54
Malschwitz	24	-3	169	59
Manching	23	-5	173	54
Manderscheid	23	-1	129	53
Marbach	23	-4	167	61
Marburg	18	-2	126	47
"Maria Laach"	23	-1	129	52
Marienberg	23	-5	150	63
Marienfeld	23	-1	180	49
Marienheide	23	-1	180	52
Marienstein	23	-5	173	56
Markdorf	23	-5	173	56
Markersbach	24	-4	169	57
Markgrafenheide	21	-1	113	54	8
Markgroeningen	24	-4	167	60
Markkleeberg	24	-3	170	46
Markranstaedt	24	-3	170	47
Markt-Schwaben	24	-5	173	58
Marktbergel	23	-4	114	54
Marktbreit	24	-4	114	57
Marktheidenfeld	24	-2	111	52
Marktleugast	24	-4	114	55
Marktoberdorf	25	-7	172	58
Marktrodach	23	-4	114	57
Marktschellenberg	24	-6	184	56
Marl	21	0	197	49
Marquartstein	25	-5	184	54
Marsberg	23	-1	143	49
Maselheim	23	-5	173	56
Masserberg	24	-4	170	45
Maulbronn	23	-4	167	61
Mauth	24	-6	187	55
Mayen-Kuerrenberg	23	-1	129	53
Mayschoss	23	-1	180	49
Mechernich	23	-2	180	48
Meckenbeuren	22	-5	173	56
Meckenheim	23	-1	180	48
Medebach	22	0	143	47
Medebach	22	0	143	49
Meerane	24	-3	170	49
Meerbusch	23	0	197	42
Meerfeld	23	-1	129	49
Meersburg	23	-5	173	59
Meesiger	21	-3	113	53	8
Mehring	23	-1	129	51
Meinerzhagen	23	-2	180	47
Meinhard-Schwebda	17	-2	126	50
Meiningen	24	-3	170	48
Meisdorf	24	-3	170	46
Meissen	24	-4	169	59
Meissendorf	22	-2	122	46
Meldorf	20	-1	199	50
Melle	22	-2	122	49
Mellenthin	22	-3	113	57	8
Mellrichstadt	24	-4	170	48
Melsungen	18	-2	126	48
Memmelsdorf	24	-4	114	59
Memmingen	23	-5	173	55
Mendig	24	-1	129	49
Mengen	24	-2	174	52
Mengeringhausen	18	-2	126	48
"Mengerskirchen - Probbach"	25	-3	111	52
Mengkofen	23	-5	173	53
Menzenschwand	25	-2	174	52
Meppen	22	-3	122	49
Merklingen	23	-3	167	60
Merseburg	24	-3	170	48
Mertesdorf	23	-1	182	53
Merzig	23	-2	182	57
Meschede	22	0	143	49
Meschede	22	0	143	48
Mespelbrunn	24	-2	111	51
Messel	24	-3	111	50
Mestlin	21	-2	113	52
Metjendorf	22	-2	174	50
Mettlach	23	-1	182	56
Mettmann	23	0	197	40
Metzingen	24	-4	167	60
Meuro	25	-3	170	47
Meuselbach-Schwarzmuehle	24	-3	170	45
Meyenburg	23	-3	113	54
Michelstadt	24	-2	111	51
Michendorf	23	-3	166	56
Middelhagen	21	-2	113	52	8
Miesbach	23	-5	173	55
Miesitz	24	-4	114	56
Mildensee	23	-3	170	48
Miltenberg	24	-2	111	51
Minden	23	-2	122	49
Mirow	21	-3	113	57
"Missen - Wilhams"	22	-5	173	56
Mittelzell	23	-5	173	55
Mittenaar	24	-2	111	49
Mittenwald	24	-7	172	59
Mittenwalde	23	-4	113	54
Mitterdarching	23	-5	173	58
Mitterfels	23	-5	173	56
Mitterfirmiansreut	24	-6	187	59
Mitterscheyern	23	-5	173	58
Mittweida	23	-4	169	58
Mitwitz	24	-4	114	57
Moers	23	0	197	38
Moisselbritz	21	-2	113	53	8
Molbergen	22	-2	174	49
Mommenheim	25	-2	111	52
Monheim	23	0	197	41
Monschau	22	-1	131	51
Monschau	22	-1	131	50
Montabaur	23	-1	129	51
"Moos am Bodensee"	23	-4	167	61
Morbach	23	-1	129	51
Moritzburg	25	-4	169	59
Morsbach	23	-1	180	47
Mosbach	24	-2	111	53
Mossbach	24	-4	114	57
Motzen	23	-3	166	57
Much	23	-1	180	51
Muggendorf	24	-4	114	55
Mulfingen	23	-4	167	58
Mummelsee	25	-3	158	57
Munzingen	25	-2	174	52
Murg	25	-1	174	53
"Murnau am Staffelsee"	25	-8	172	60
Mutterstadt	24	-2	111	50
Moeckmuehl	25	-2	111	49
Moehnesee	22	0	143	51
Moehnesee-Wamel	22	0	143	50
Moellenhagen	22	-2	113	55	8
Moelln	21	-2	190	51
Moelschow	21	-2	113	58	8
Moenchengladbach	23	0	197	39
Moenchneversdorf	20	-2	138	51
Moerfelden	24	-2	111	52
Moerfelden-Walldorf	25	-2	111	50
Moerstadt	24	-2	111	51
Mueden	20	-2	199	50
Mueden	23	-1	129	52
Muehlacker	23	-4	167	62
Muehldorf	23	-5	173	58
Muehlenbach	25	-2	158	55
Muehlenbeck	23	-3	113	55
Muehlhausen	23	-5	167	59
Muehlhausen	24	-3	170	46
Muehlheim	24	-2	111	52
Muelheim	23	-1	129	50
"Muelheim an der Ruhr"	22	-1	197	49
Muellheim	25	-2	174	52
Muelsen	25	-5	150	64
Muennerstadt	24	-3	170	44
Muenster	22	-2	122	47
Muenster-Sarmsheim	23	-1	129	52
Muenstermaifeld	23	-1	129	53
Muenstertal	24	-2	174	52
Muenzenberg	24	-2	111	49
Nachtsheim	23	-1	129	54
Nagold	23	-4	167	57
Nakenstorf	21	-2	113	55	8
Nalbach	24	-1	129	53
Nassau	23	-1	129	52
"Nassau - Weinaehr"	23	-1	129	51
Nauen	23	-3	113	54
Naumburg	24	-3	170	48
Naumburg	18	-3	126	48
Naunhof	24	-3	170	48
Naurath	24	-1	129	51
Nazza	24	-3	170	47
Neckarbischofsheim	24	-2	111	52
Neckargerach	24	-4	167	58
Neckarsulm	23	-4	167	60
Neckarzimmern	26	-3	111	53
Neeberg	21	-2	113	53	8
Neef	24	-1	129	52
Neetzow	21	-2	113	54	8
Negast	21	-2	113	53	8
Nehren	23	-1	129	50
"Nellingen auf den Fildern"	24	-4	167	60
Nennig	23	-1	182	54
Neppermin-Balm	21	-2	113	55	8
Neresheim	23	-5	173	56
Nesse	21	-2	138	45
Nesselwang	23	-5	173	55
Nessmersiel	21	-1	138	43
Netphen	23	-1	180	50
Nettersheim	23	-1	180	49
Nettetal	23	-1	197	39
Netzeband	23	-3	113	55
"Neu Kaliss"	21	-2	113	56
"Neu Schoenberg"	22	-2	190	49
"Neu Ulm"	23	-4	167	60
"Neu Wulmstorf"	22	-2	190	51
Neu-Anspach	24	-2	111	49
Neu-Isenburg	24	-2	111	52
Neualbenreuth	25	-5	150	63
Neubiberg	22	-5	173	58
Neubrandenburg	21	-2	113	55	9
Neubulach	23	-4	167	61
Neuburg	25	-3	111	50
Neuburg	23	-5	173	54
Neuburg	23	-5	173	56
"Neuenburg am Rhein"	25	-2	174	53
Neuenbuerg	23	-5	167	59
Neuendettelsau	24	-4	114	55
Neuenhaus	22	-2	122	49
Neuenkirchen	22	-3	122	46
Neuenkirchen-Voerden	22	-2	174	48
Neuenkruge	20	-1	199	50
Neuenstein	17	-2	126	46
Neuenweg	26	-2	174	51
"Neufahrn bei Freising"	23	-5	173	56
"Neufahrn in Niederbayern"	23	-5	173	57
Neuhardenberg-Wulkow	23	-3	166	58
Neuharlingersiel	20	-2	199	47
Neuhaus	25	-3	170	47
Neuhaus	20	-2	199	51
"Neuhaus am Inn"	24	-6	187	58
"Neuhaus am Rennweg"	24	-3	170	46
Neuhausen	24	-4	169	60
Neuhausen-Schellbronn	23	-4	167	61
Neuhermsdorf	25	-3	169	56
Neuhof	24	-2	111	53
Neukamp	21	-2	113	56	8
Neukirchen	24	-4	114	57
Neukirchen	24	-4	114	57
Neukirchen	24	-4	114	58
"Neukirchen - Puergl"	23	-5	173	58
"Neukirchen Vluyn"	23	0	197	40
"Neukirchen vorm Wald"	25	-6	187	59
Neuleiningen	24	-3	111	52
Neumarkt	23	-5	173	54
Neumuenster	21	-3	138	52
"Neunburg vorm Wald"	23	-6	173	56
Neunkirchen	24	-2	111	54
Neunkirchen	23	-2	129	52
"Neunkirchen am Brand"	24	-4	114	59
Neureichenau	23	-6	187	55
Neuruppin	23	-3	113	54
Neuschwanstein	23	-5	173	55
Neuschoenau	24	-6	187	57
Neusitz	24	-4	114	55
Neuss	23	0	197	42
Neustadt	24	-4	114	57
Neustadt	24	-4	169	59
"Neustadt am Rennsteig"	25	-3	170	49
"Neustadt an der Aisch"	24	-4	114	58
"Neustadt an der Orla"	24	-4	114	58
"Neustadt an der Waldnaab"	24	-4	114	58
"Neustadt an der Weinstrasse"	24	-2	111	53
Neustadt-Glewe	21	-2	113	55
Neustrelitz	22	-2	113	58	9
Neustrelitz	22	-2	113	55	8
Neutraubling	23	-5	173	55
Neuweiler	23	-4	167	60
Neuwerk	20	-1	199	53
Neuwied	23	-1	180	52
Neuwustrow	23	-3	166	56
Neuzelle	23	-3	166	56
Nickenich	23	-1	180	52
Nidda	24	-2	111	54
Nideggen	23	-1	180	49
Nieblum	20	-1	133	56	9
Niebuell	19	-2	133	56	9
Nieder-Moos	25	-2	111	50
Nieder-Olm	24	-2	111	52
Niederaudorf	24	-6	184	57
Niederelsungen	18	-2	126	48
Niedererbach	24	-3	111	48
Niederfell	23	-2	129	49
Niederkassel	23	-1	180	49
Niederkleveez	20	-2	138	53
Niederlehme	23	-3	166	56
Niedernberg	24	-2	111	52
Niedernhall	23	-4	167	57
Niedernhausen	24	-2	111	53
Niederstetten	24	-4	114	57
Niederstotzingen	23	-4	167	57
Niedertiefenbach	24	-2	111	49
Niederwasser	25	-2	158	56
Niederzier	23	-1	180	48
Niefern	23	-4	167	59
Niefern-oeschelbronn	23	-4	167	61
Niemegk	23	-3	166	59
Nienburg	22	-3	122	49
Niendorf	21	-1	113	57	8
Niendorf	21	-2	138	53
Nienhagen	21	-2	113	53	8
Nierstein	24	-2	111	53
Niewitz	23	-3	166	57
Nimburg	26	-2	158	57
Nisdorf	21	-2	113	57	8
Nittel	23	-1	182	56
Nonnenhorn	23	-5	173	55
Norddeich	21	-2	138	47
Norden	21	-2	138	44
Nordenberg	24	-4	114	59
Nordenham	20	-1	199	49
Norderney	21	-2	138	44
Norderstedt	22	-2	190	51
Nordhausen	24	-3	170	48
Nordhorn	20	-1	199	49
Nordrach	25	-2	158	54
Nordstemmen	22	-2	122	49
Nordstrand	19	-1	133	57	9
Northeim	18	-2	126	47
Nortorf	20	-2	138	53
Nottuln	22	-2	122	50
Notzing	23	-6	173	58
Nussdorf	24	-7	184	56
Nustrow	22	-2	113	54	8
"Nussdorf am Inn"	23	-6	184	57
Nussloch	24	-2	111	50
Noerdlingen	23	-5	173	58
Noerten-Hardenberg	18	-2	126	49
Nuembrecht	23	-1	180	50
Nuerburg	23	-1	129	50
Nuertingen	23	-4	167	60
Obenstrohe	20	-1	199	50
Oberahr	24	-1	180	50
Oberambach	23	-5	173	55
Oberammergau	25	-8	172	59
Oberau	25	-7	172	59
Oberaudorf	24	-6	184	53
Oberaula	18	-2	126	47
Oberbergen	25	-2	158	55
Oberbaerenburg	24	-4	169	59
Obercunnersdorf	25	-3	169	60
Oberding	24	-5	173	56
Obereichstaett	23	-5	173	57
Oberhaching	23	-5	173	54
Oberhambach	23	-1	129	54
Oberharmersbach	25	-2	158	57
Oberhausen	21	-1	197	49
Oberhof	24	-3	170	45
Oberjoch	24	-5	173	58
Oberkirch	25	-2	158	54
Oberkochen	23	-4	167	58
Oberkreuzberg	24	-6	187	56
Oberlahr	23	-1	180	51
Obermaiselstein	23	-5	173	59
Obernburg	24	-3	111	49
"Obernburg am Main"	24	-2	111	54
Obernheim	23	-4	167	59
Obernzell	24	-6	187	57
Oberorke	17	-3	126	49
Oberraden	23	-1	180	48
Oberreichenbach	24	-4	167	62
Oberreute	23	-5	173	56
Oberried	25	-2	174	53
Oberroeblingen	24	-3	170	45
Obersalzberg	24	-6	184	56
Oberstaufen	23	-5	173	56
Oberstaufen-Steibis	23	-4	173	58
Oberstdorf	22	-5	173	54
Oberstenfeld	23	-3	167	59
Oberstimm	23	-6	173	54
Oberstotzingen	23	-5	173	56
Obertal	25	-2	158	57
Oberteuringen-Bitzenhofen	22	-6	173	54
Oberthal	23	-1	129	54
Oberthulba	24	-2	111	52
Obertraubling	23	-5	173	53
Obertrubach	24	-4	114	57
Obertshausen	24	-2	111	52
Oberursel	24	-2	111	53
Oberviechtach	24	-4	114	58
"Oberwesel am Rhein"	23	-1	129	55
Oberwesel-Dellhofen	23	-2	129	52
Oberwiesenthal	24	-5	150	63
Oberwolfach	25	-2	158	56
Oberwoessen	24	-6	184	55
Obing	24	-6	184	55
Ochsenfurt	24	-4	114	56
Ockenheim	24	-2	111	49
Ockholm	19	-1	133	56	9
Odenwald	25	-3	158	55
Oederan	24	-4	169	57
Oeding	21	-2	197	47
Oelde	22	-2	122	46
Oer-Erkenschwick	22	0	143	46
Oestrich-Winkel	24	-3	111	50
Oevenum	19	-1	133	55	9
Oeversee	20	-2	138	49
Offenbach	24	-2	111	51
Offenburg	25	-3	158	55
Ofterschwang	23	-5	173	56
Ohlsbach	25	-2	158	56
Ohlstadt	25	-7	172	56
Ohrdruf	24	-3	170	48
Olbernhau	24	-6	150	63
"Olbersdorf am See"	24	-4	169	57
Olching	23	-5	173	55
Oldenburg	22	-3	174	50
Olfen	22	0	143	48
Olpe	22	0	143	50
Olsberg	22	-1	143	47
Olsberg	22	0	143	46
Olzheim	23	-2	129	52
Oppenheim	25	-2	111	51
Oranienbaum	24	-3	170	49
Oranienburg	23	-3	113	55
Ormont	23	-1	129	51
Orsingen-Nenzingen	24	-5	173	54
Ortenburg	24	-6	187	60
Orth	20	-2	138	53
Oschatz	24	-4	169	55
Oschersleben	22	-2	122	49
Osnabrueck	22	-3	122	47
Ossa	24	-3	170	49
Osten	20	-1	199	47
Osterholz	22	-2	174	48
Osterholz-Schambeck	22	-2	174	48
"Osterode am Harz"	22	-2	122	47
Osterroenfeld	21	-2	138	51
Osterspai	23	-2	129	52
Osterweddingen	22	-3	122	48
Osterwieck	22	-2	122	48
Ostfildern	23	-4	167	56
Osthofen	24	-3	111	51
"Ostseebad Kuehlungsborn"	21	-2	113	58	9
Oststeinbek	19	-1	133	57	9
Ottbergen	22	-2	122	49
Ottendorf-Okrilla	24	-4	169	56
Ottenhoefen	25	-2	158	57
Otterbach	23	-1	129	52
Otterberg	24	-2	111	53
Otterndorf	21	-1	199	50
Otterskirchen	24	-7	187	57
Ottobeuren	23	-5	173	57
Ottobrunn	23	-6	173	56
Otzberg	24	-2	111	52
Overath	23	-2	180	49
Oy	23	-5	173	56
Oy-Mittelberg	23	-5	173	55
Oybin	25	-5	169	60
Paderborn	22	0	143	48
Paewesin	23	-3	113	51
Panker	20	-2	138	50
Papenburg	21	-2	138	45
Pappenheim	23	-6	173	53
Parchim	21	-2	113	56
"Parsberg bei Muenchen"	23	-5	173	55
"Parsberg bei Regensburg"	24	-5	114	55
Parsdorf	23	-5	173	54
Parsteinsee	23	-2	113	54
Pasing	23	-5	173	56
Passau	24	-6	187	56
Passow	21	-2	113	53	8
Pattensen	22	-3	122	50
Paulsmuhle	24	-4	169	57
Peenemuende	22	-2	113	55	8
Pegnitz	24	-5	114	58
Peine	22	-3	122	50
Peiting	25	-7	172	58
Pelzerhaken	22	-2	190	53
Pelzkuhl	24	-2	113	56
Penig	24	-3	170	44
Penzberg	24	-8	172	60
Perleberg	21	-3	113	55
Petersberg	23	-3	170	48
Petersdorf	21	-2	113	56
Pettendorf	24	-5	173	57
Pfaffenhofen	23	-5	173	56
Pfaffenweiler	25	-2	174	54
Pfalzgrafenweiler	24	-4	167	56
Pfarrweisach	23	-4	114	56
Pfinztal	24	-2	111	50
Pforzheim	23	-5	167	60
Pfronten	25	-7	172	58
Pfrungen	24	-5	173	55
Pfullendorf	23	-5	173	57
Pfullingen	23	-4	167	59
Philippsburg	25	-3	111	50
Piding	23	-6	184	53
Piesport	24	-1	129	54
Pilgramsberg	23	-6	173	58
Pinneberg	22	-2	190	51
Pirmasens	23	-1	129	52
Pirmasens-Winzeln	23	-1	129	50
Pirna	24	-4	169	56
Plattling	22	-5	173	56
"Plau am See"	21	-2	113	55
Plaue	25	-3	170	45
Plauen	24	-5	114	59
Plech	24	-4	114	58
Pleidelsheim	23	-5	167	57
Pleinfeld	24	-4	114	54
Pliening	23	-5	173	57
Plieningen	23	-4	167	58
Pliezhausen	23	-4	167	58
Plochingen	23	-4	167	61
Ploen	20	-2	138	50
Pobershau	24	-4	150	62
Podewall	21	-2	113	56	8
Poing	23	-5	173	55
Polch	24	-1	129	51
"Pollenfeld - Wachenzell"	23	-5	173	56
Polling	25	-7	172	59
Pommelsbrunn	24	-4	114	59
Pommersfelden	23	-4	114	58
Pomster	23	-1	129	52
Poppenhausen	24	-3	170	48
Poppenhausen	24	-3	170	46
"Porta Westfalica"	22	-2	122	47
"Poseritz - Puddemin"	22	-2	113	54	8
Postmuenster	24	-6	184	55
Potsdam	24	-3	113	54
Pottenstein	24	-4	114	56
Prackenbach	23	-5	173	57
Preetz	20	-2	138	51
Prenzlau	23	-3	113	52
Prerow	21	-2	113	55	8
Presseck	25	-4	114	56
Prichsenstadt	24	-4	114	58
"Prien am Chiemsee"	24	-6	184	53
Prienbach	23	-7	184	59
Pritzwalk	21	-2	113	53
Pronstorf	22	-2	190	49
Pruem	23	-1	182	56
Puchheim	24	-5	173	53
Pulheim	23	-1	180	50
Putbus	22	-2	113	53	8
Puttgarden	20	-2	138	50
Putzbrunn	23	-4	173	57
Paewesin	23	-3	113	55
Poecking	23	-5	173	57
Poehl	24	-4	114	57
"Poenitz am See"	22	-2	190	48
Quakenbrueck	22	-2	122	47
Quedlinburg	22	-2	122	46
Queidersbach	23	-1	129	54
Querfurt	25	-3	170	48
Quickborn	22	-2	190	48
Rabitz	24	-4	169	58
Raddusch	22	-4	166	58
Radeberg	24	-4	169	60
Radebeul	24	-4	169	60
Radefeld	23	-3	170	46
Radewege	24	-3	113	55
Radolfzell	23	-4	173	57
Raesfeld	21	-1	197	47
Rahden	22	-2	174	50
Rahnsdorf	23	-3	166	54
Raimundsreut	24	-6	187	57
Rain	23	-6	173	56
Raisting	24	-5	173	59
Ralswiek	21	-2	113	57	8
Ramberg	24	-3	111	50
"Rambow bei Ulrichshusen"	21	-2	113	57	8
Ramsau	24	-6	184	54
Ramstein-Miesenbach	23	-1	129	53
Randersacker	24	-4	114	59
Rangsdorf	23	-3	166	57
Ransbach	23	-1	180	50
Rantum	20	-1	133	56	9
Rastatt	25	-2	158	57
Rastede	20	-1	199	50
Ratheim	23	-1	131	47
Rathmannsdorf	23	-5	173	54
Ratingen	23	0	197	39
Rattenberg	24	-4	114	55
Rattey	22	-2	113	53	8
Ratzdorf	23	-4	166	56
Ratzeburg	21	-2	190	49
Rauenberg	24	-2	111	52
Rauhenebrach	24	-4	114	55
Raunheim	24	-2	111	51
Rauschenbach	24	-4	169	58
Ravensburg	23	-5	173	55
Rechenberg-Bienenmuehle	24	-4	169	58
Rechlin	21	-2	113	56
Recklinghausen	21	-1	197	50
Rederank	21	-2	113	55	8
Rees	21	-1	197	48
Regen	24	-6	187	57
Regensburg	23	-5	173	55
Reichelsheim	24	-2	111	52
Reichelshofen	24	-4	114	58
Reichenau	23	-5	173	57
Reichenbach	24	-5	169	55
Reichenow	23	-3	166	57
Reichenschwand	24	-4	114	59
Reichshof	23	-1	180	48
"Reichshof - Eckenhagen"	23	-1	180	50
Reifenstein-Eichsfeld	24	-3	170	47
Reil	23	-2	129	53
Reileifzen	18	-3	126	48
Reinbek	22	-2	190	51
Reinhardsachsen	24	-2	111	51
Reinhardtsdorf	24	-4	169	58
Reinsdorf	25	-3	170	47
Reinstorf	22	-2	190	52
Reisach	24	-4	114	56
Reisbach	23	-5	173	57
"Reit Im Winkl"	24	-6	184	56
Rellingen	21	-2	190	51
Remagen	23	-2	180	51
Remplin	21	-2	113	56	8
Remscheid	21	-1	197	47
Remseck-Neckarrems	23	-4	167	58
Remshalden	23	-4	167	59
Rendsburg	20	-2	138	53
Rengsdorf	23	-1	180	50
Repetal	22	-1	143	49
Reppenhagen	22	-3	190	49
Rerik	21	-2	113	55	8
Retgendorf	21	-2	113	55
Rethem	22	-2	122	48
Rettenberg	23	-5	173	56
Rettert	25	-2	111	50
Reussenkreuz	24	-2	111	52
"Reuterstadt Stavenhagen"	21	-2	113	53	8
Reutlingen	23	-4	167	57
Rhauderfehn	21	-2	138	44
Rheda-Wiedenbrueck	22	0	143	46
Rheinau	25	-2	158	59
Rheinbach	23	-2	180	50
Rheinbreitbach	23	-1	180	49
Rheinbrohl	23	-2	180	50
Rheinboellen	23	-1	129	52
Rheine	22	-2	122	47
Rheinfelden	25	-2	174	52
Rheinhausen	25	-2	158	59
Rheinmuenster	25	-2	158	57
Rheinsberg	23	-4	113	54
Rheinstetten	24	-2	111	49
"Rhodt unter Rietburg"	24	-2	111	51
Rhoen	24	-3	170	48
Ribnitz-Damgarten	21	-2	113	54	8
Rickenbach	25	-2	174	56
Rieden	24	-6	187	58
Riedenburg	22	-5	173	55
Riederich	23	-5	167	61
Riedlhuette	24	-6	187	56
Riedstadt	24	-2	111	49
Riesa	24	-4	169	59
Riesenbeck	23	-3	122	49
Rieste	22	-2	190	48
Rimbach	24	-6	150	63
Rimsting	23	-6	184	57
Rinchnach	24	-6	187	57
Ringelai	24	-5	187	56
Ringsheim	25	-3	158	54
Rinkerode	22	-3	122	45
Rinteln	22	-2	122	50
Ritterhude	22	-4	174	49
Rittersdorf	23	-1	182	54
Rittersgruen	24	-5	150	62
Rodder	23	-1	180	47
Rodenkirchen	23	-1	180	47
Rodgau	24	-3	111	52
Roding	23	-5	173	57
Roggenburg	23	-5	173	57
Roggosen	24	-4	169	56
Rohrbach	24	-3	170	47
Rohrdorf	24	-6	184	57
Rohrstetten	25	-6	187	58
Romrod	18	-2	126	49
Ronshausen	24	-3	111	50
Rosenberg	24	-4	167	61
Rosendahl	23	-1	180	50
Rosengarten	23	-2	190	49
Rosenheim	24	-5	173	58
Rosenthal	18	-2	126	48
Rossau	24	-5	169	59
Rostock	21	-2	113	55	8
"Rot am See"	24	-4	114	57
Rotenburg	23	-2	174	48
"Rotenburg an der Fulda"	18	-2	126	48
Rotensol	23	-4	167	60
Rotfelden	24	-4	167	59
Roth	24	-4	114	57
Rothenberg	24	-2	111	50
Rothenbuch	24	-2	111	50
"Rothenburg o.d. Tauber"	24	-5	114	58
Rothenfels	23	-5	173	57
Rott	23	-1	180	48
Rottach-Egern	25	-7	172	61
Rottenbuch	25	-7	172	58
"Rottenburg am Neckar"	23	-5	167	59
Rotthalmuenster	24	-6	184	58
Rottweil	23	-4	167	57
Rossbach	23	-2	180	47
Rossdorf	24	-3	111	49
Rosshaupten	23	-5	173	56
Ruderatshofen	23	-5	173	55
Rudersberg	23	-4	167	59
Rudolphstein	24	-4	114	58
Rudolstadt	24	-2	170	48
Ruhla-Thal	24	-3	170	47
Ruhpolding	24	-6	184	56
Ruhstorf	24	-5	187	58
Ruhwarden	20	-1	199	51
Runding	24	-5	150	62
Runkel	24	-3	111	51
Runkel	24	-2	111	53
Rust	25	-2	158	55
Raebke	22	-2	122	49
Roebel	21	-2	113	53
Roedental	24	-4	114	59
Roedermark	24	-2	111	49
Roehrnbach	24	-6	187	58
Roemerberg	24	-3	111	50
Roepersdorf	24	-3	113	53
Roesrath	23	-2	180	49
"Roethenbach an der Pegnitz"	24	-4	114	56
Roetz-Hillstett	24	-5	114	57
Ruebeland	22	-2	122	47
Rueckersdorf	24	-4	114	56
Ruedersdorf	24	-3	170	46
Ruedersdorf	24	-3	113	55
"Ruedesheim am Rhein"	24	-2	111	51
"Ruedesheim Bad Kreuznach"	23	-1	129	51
Ruehle	18	-2	126	50
Ruelzheim	24	-3	111	51
Ruesselsheim	24	-2	111	53
Saalburg	23	-4	114	59
Saalfeld	24	-3	170	48
Saarbruecken	23	-2	129	50
Saarburg	23	-1	182	55
Saarlouis	23	-2	129	50
Sachrang	24	-6	184	56
Sagard-Neddesitz	20	-4	106	57	8
Saig	25	-3	134	57
Sailauf	24	-2	111	50
Salach	23	-4	167	56
Saldenburg	24	-5	173	55
Salem	24	-5	173	55
Sallneck	24	-2	174	55
Salmdorf	23	-5	173	58
Salzbergen	22	-2	122	49
Salzgitter-Bad	22	-2	122	50
Salzhausen	20	-1	199	51
Salzhemmendorf	20	-1	199	51
Salzkotten	22	0	143	50
Samtens	21	-2	113	52	8
Sande	20	-1	199	51
Sangerhausen	24	-3	170	50
"Sankt Wolfgang"	23	-5	173	57
Sarnau	18	-3	126	50
Sarstedt	22	-2	122	50
Sasbachwalden	25	-3	158	54
Sassenberg	22	-2	122	48
Sassnitz	20	-2	106	56	8
Sattelbogen	23	-5	173	55
Sauerlach	22	-5	173	58
Saulgrub	25	-7	172	57
Sayda	24	-4	169	61
Schackendorf	22	-2	190	50
Schalchen	24	-5	184	57
Schalkenmehren	24	-1	129	53
Schambach	24	-4	114	56
Scharbeutz	22	-2	190	51
Scharfenberg	21	-3	113	54
Scharnebeck	23	-2	190	49
Schattin	22	-2	190	52
Schauenburg	18	-2	126	50
Schaumburg	23	-2	122	50
Schechen	23	-5	173	55
Scheibenberg	24	-5	150	63
Scheidegg	23	-5	173	55
Scheinfeld	24	-4	114	58
Schellerhau	25	-3	169	61
Schenkenzell	25	-2	158	55
Schenklengsfeld	18	-2	126	48
Schermbeck	21	-1	197	46
Schesslitz	24	-4	114	57
Schieder	22	0	143	46
Schierke	22	-3	122	49
Schifferstadt	24	-2	111	50
Schildow	24	-3	113	53
Schillig	20	-1	199	50
Schillingfuerst	23	-4	114	56
Schiltach	25	-2	158	55
Schirgiswalde	24	-4	169	58
Schkeuditz	24	-3	170	48
Schkopau	24	-3	170	48
Schlangenbad	24	-3	111	51
Schledehausen	22	-2	122	47
Schlehdorf	25	-7	172	58
Schlei	20	-2	138	54
Schleiden	23	-1	180	46
"Schleiden - Gemuend"	23	-1	180	49
Schleiz	24	-4	114	57
Schlemmin	21	-2	113	57	8
Schlepzig	24	-3	166	58
Schleswig	20	-3	138	54
Schleusingen	24	-3	170	48
Schliengen	26	-2	174	53
Schliersee	26	-7	172	58
Schliffkopf	25	-2	158	55
Schlitz	18	-2	126	47
Schlossboeckelheim	23	-1	129	51
Schluchsee	25	-3	134	58
Schluechtern	24	-2	111	48
Schluesselfeld	24	-4	114	59
Schmalkalden	24	-3	170	47
Schmallenberg	22	0	143	47
Schmallenberg-Grafschaft	22	0	143	49
Schmallenberg-Nordenau	22	-1	143	49
Schmallenberg-Westfeld	22	0	143	48
Schmiedefeld	24	-3	170	47
Schmitten	24	-2	111	50
Schmuggerow	21	-3	113	56	8
Schmuecke	24	-3	170	45
Schnaittach	24	-4	114	58
Schnaittenbach	24	-4	114	56
Schneckenmuehle	22	-5	173	56
Schneeberg	24	-5	150	63
Schneizlreuth	24	-6	184	54
Schnett	24	-3	170	46
Schnetzenhausen	23	-5	173	58
Schneverdingen	22	-2	190	49
Schollbrunn	24	-2	111	48
Schonach	25	-2	158	54
Schongau	25	-7	172	60
"Schopfheim - Wiechs"	25	-2	174	54
Schorndorf	24	-4	114	57
Schorndorf	23	-4	167	58
Schorssow	21	-2	113	57	8
Schotten	25	-3	111	51
Schramberg	25	-3	158	59
Schriesheim	24	-2	111	52
Schulenberg	22	-2	174	50
"Schulenberg im Oberharz"	22	-2	122	48
Schwabach	24	-4	114	58
Schwabhausen	24	-3	170	48
Schwabmuehlhausen	23	-5	173	55
Schwaig	23	-5	173	54
Schwalbach	24	-3	111	53
Schwandorf	25	-4	114	57
Schwaneberg	22	-2	122	48
Schwangau	25	-7	172	58
Schwarmstedt	22	-2	122	50
"Schwarzach am Main"	24	-4	114	54
Schwarzenbach	24	-4	114	56
Schwarzenberg	24	-6	150	63
Schwarzenhof	22	-2	113	56	8
Schwarzheide	24	-4	169	57
Schwedelbach	23	-1	129	52
"Schwedt Oder"	23	-3	113	52
Schweich	23	-1	129	54
Schweinfurt	23	-4	114	57
Schweitenkirchen	23	-5	173	55
Schwerin	21	-2	113	57
Schwetzingen	24	-2	111	51
"Schwaebisch Gmuend"	23	-4	167	56
"Schwaebisch Hall"	23	-4	167	60
Schoemberg	23	-4	167	58
Schoemberg-Langenbrand	23	-4	167	58
Schoemberg-Unterreichenbach	24	-4	167	59
Schoenaich	23	-4	167	56
"Schoenau am Koenigssee"	24	-6	184	54
"Schoenau bei Pfarrkirchen"	23	-5	173	56
"Schoenau im Schwarzwald"	25	-2	174	53
Schoenberg	24	-7	187	57
Schoenberg	20	-2	138	53
Schoenbrunn	24	-3	170	48
Schoenebeck	24	-3	170	47
Schoeneck	24	-4	114	58
Schoenecken	23	-1	129	51
Schoenefeld	23	-3	166	55
Schoeneiche	23	-3	166	55
Schoenewalde	23	-3	166	54
Schoenfeld	23	-3	166	56
Schoenhagen	18	-2	126	47
Schoenheide	24	-5	150	63
Schoenmuenzach	25	-2	158	56
Schoensee	24	-5	150	62
Schoenwald	25	-2	158	53
Schoenwoelkau	23	-4	169	57
Schoeppingen	22	-2	122	49
Schuettorf	23	-2	122	46
Sebnitz	24	-4	169	58
Seebach	25	-2	158	56
"Seebad Ahlbeck"	21	-2	113	53	8
"Seebad Pelzerhaken"	22	-3	190	51
"Seebad ueckeritz"	21	-2	113	53	9
Seedorf	22	-2	113	58	8
Seeg	25	-7	172	57
Seehausen	23	-3	166	57
"Seehausen am Staffelsee"	25	-7	172	56
Seelbach	25	-2	158	58
Seelow	23	-3	166	57
Seeon-Seebruck	24	-6	184	54
Seesen	22	-2	122	49
Seevetal	22	-2	190	50
Seewald-Besenfeld	25	-2	158	56
Sehmatal	24	-4	169	57
Sehnde	22	-2	122	45
Seiffen	24	-4	169	59
Selb	24	-4	114	56
Selbitz	24	-4	114	56
Seligenstadt	24	-3	111	52
Selketal	24	-3	170	46
Sellin	20	-2	106	55	8
Sellinghausen	22	0	143	47
Selters	23	-1	180	46
Sembzin	21	-2	113	52
Semlin	21	-2	113	56
Senden	23	-5	173	55
Senden	23	-2	122	48
Sendenhorst	22	-2	122	47
Senftenberg	24	-4	169	57
Senhals	23	-1	129	52
Senheim	23	-1	129	54
Serrahn	21	-2	113	57	8
Sexau	25	-2	158	58
Siegburg	23	-1	180	46
Siegen	23	-1	180	48
Siegsdorf	24	-6	184	58
Siegsdorf-Vorauf	24	-5	184	54
Siehdichum	23	-4	166	56
Sierksdorf	22	-2	190	51
Sietow	22	-3	113	55
Sievern	20	-2	199	50
Sieversen	22	-2	190	52
Sigmaringen	23	-5	173	55
Silz	24	-2	111	52
"Simbach am Inn"	24	-6	184	58
Simmerath	22	-1	131	48
"Simmerath - Erkensruhr"	22	-1	131	47
Simmersfeld	23	-4	167	58
Simonskall	22	-1	131	45
Simonswald	25	-2	158	56
Sindelfingen	23	-4	167	60
Singen	25	-2	134	54
Sinsheim	24	-2	111	49
Sinzig	23	-1	180	50
"Sinzig - Bad Bodendorf"	23	-1	180	49
Sipplingen	23	-5	173	54
Sittensen	22	-2	190	50
Sitterswald	23	-1	129	54
Sitzendorf	24	-3	170	49
Soest	22	0	143	46
Sohren	23	-1	129	51
Solingen	23	0	197	39
Solla	24	-6	187	56
Solms	24	-2	111	50
Soltau	22	-2	122	49
Sommerach	25	-3	114	56
Sommerfeld	23	-3	113	56
Sommerhausen	23	-4	114	58
Sommerstorf	22	-2	113	55	8
Sondershausen	24	-4	170	49
Sonneberg	24	-4	114	56
Sonnen	24	-6	187	54
Sonnenbuehl	23	-4	167	61
Sonnewalde	24	-4	169	58
Sonthofen	23	-6	173	59
Sora	24	-4	169	59
Spalt	23	-4	114	55
Sparow	21	-2	113	55
Spay	23	-1	129	51
Spelle	22	-2	122	46
Sperlbrunn	24	-6	187	56
Speyer	25	-2	111	51
Spiegelau	24	-6	187	57
Spiekeroog	20	-1	199	51
Spitzingsee	25	-7	172	60
Spornitz	21	-2	113	53
Spremberg	24	-4	169	58
Spyker	20	-2	106	55	8
"St. Andreasberg"	22	-2	122	48
"St. Augustin"	23	-1	180	49
"St. Blasien"	25	-3	134	56
"St. Englmar"	23	-5	173	56
"St. Georgen"	25	-2	158	59
"St. Goar"	23	-1	129	52
"St. Goarshausen"	23	-1	129	50
"St. Ingbert"	23	-1	129	50
"St. Johann"	23	-5	167	58
"St. Martin"	24	-2	111	50
"St. Michaelisdonn"	20	-1	199	49
"St. Maergen"	25	-2	174	54
"St. Oswald"	23	-6	187	57
"St. Peter"	26	-2	174	53
"St. Peter-Ording"	19	-1	133	58	9
"St. Wendel"	23	-1	129	50
Stade	22	-2	190	51
Stadecken-Elsheim	24	-2	111	53
"Stadt Wehlen"	24	-4	169	59
Stadtallendorf	19	-2	126	47
Stadtbergen	23	-5	173	56
Stadtkyll	23	-1	129	50
Stadtoldendorf	18	-2	126	49
Stadtprozelten	24	-2	111	49
Stadtsteinach	24	-4	114	58
Stamsried	23	-5	114	59
Stangerode	24	-3	170	47
Starnberg	23	-5	173	55
Starzach-Weitenburg	23	-4	167	58
Staudach-Egerndach	24	-6	184	53
Staufen	26	-1	174	54
Stavenhagen	21	-2	113	54	8
Stassfurt	24	-3	170	47
Stecklenberg	22	-3	122	46
Stedar	21	-1	113	58	8
Steffenshagen	21	-2	113	55	8
Steigra	24	-3	170	45
Steinach	24	-4	114	57
Steinach	23	-4	167	59
"Steinau an der Strasse"	24	-2	111	53
Steinbach	24	-3	170	47
Steindoerfel	24	-4	169	57
Steinen	25	-2	174	53
Steinenbronn	24	-3	167	61
Steinenkirch	24	-3	167	58
Steinfeld	22	-2	122	48
Steinfeld	22	-2	122	47
Steinfurt	23	-2	122	47
Steinheim	23	-4	167	58
Steinheim	22	-1	143	46
Steinhoefel	23	-3	166	57
Steinwenden	23	-1	129	51
Steinwiesen	25	-4	114	56
Steisslingen	23	-5	173	57
Stellshagen	21	-2	113	53	8
Stendal	22	-2	113	56
Sternberg	21	-2	113	56
"Stetten am Bodensee"	23	-3	167	59
Stiege	22	-3	122	47
Stimpfach	23	-4	167	59
Stockach	23	-5	173	57
Stockelsdorf	22	-2	190	49
Stockhausen	25	-3	170	49
Stolberg	25	-3	170	46
Stolberg	22	-1	131	48
Stollberg	24	-5	150	61
Stolpe	22	-2	190	50
Stolpe	21	-2	113	54	8
Stolpen	24	-4	169	56
Storkau	23	-2	113	55
Storkow	23	-4	166	58
"Storkower See"	23	-4	113	53
Strahlfeld	24	-4	114	56
Stralsund	21	-2	113	54	9
Strande	21	-2	138	55
Strasen	23	-3	113	51
Straubenhardt-Schwann	23	-4	167	60
Straubing	22	-5	173	57
Strausberg	23	-3	166	58
Straussberg	24	-2	170	46
Strehla	24	-4	169	57
Strenglin	22	-2	190	50
Stromberg	23	-1	180	51
Stroehen	23	-2	174	50
Stuhr	22	-2	174	50
Stukenbrock	22	-1	143	50
Stupferich	25	-2	111	50
Stutensee	25	-2	111	50
Stuehlingen	25	-3	134	58
Suhl	23	-3	170	48
Suhlendorf	22	-2	122	49
Sulz-Glatt	23	-4	167	60
Sulzbach	24	-2	111	52
"Sulzbach am Kocher"	24	-4	167	62
Sulzbach-Rosenberg	24	-4	114	57
Sulzberg	23	-5	173	56
Sulzburg	25	-2	174	53
Sulzfeld	24	-2	111	52
Sundern	22	0	143	47
Swisttal	24	-2	180	47
Syke	23	-3	174	50
Sylt	20	-1	133	53	9
Soegel	21	-1	138	46
Suederbrarup	20	-3	138	52
Suederschwei	20	-2	199	52
Suedlohn	20	-1	199	51
Suelzhayn	24	-3	170	47
Suenna	25	-3	170	47
Suesel	21	-3	190	49
Suessen	24	-4	167	57
Tabarz	24	-3	170	48
Tamm	23	-3	167	60
Tangermuende	24	-3	113	55
Tangermuende	23	-3	113	55
Tann	24	-2	111	51
Tanne	22	-2	122	47
Tarp	21	-2	138	53
Tauberbischofsheim	24	-3	111	49
Taucha	24	-3	170	47
Tauer	23	-4	166	55
Taufkirchen	23	-5	173	57
Tautenhain	25	-3	170	47
Tecklenburg-Brochterbeck	22	-2	122	49
Tecklenburg-Leeden	23	-2	122	47
Tegernheim	23	-5	173	57
Tegernsee	25	-7	172	56
Teisendorf	24	-6	184	58
Teisnach	24	-5	173	53
Teistungen	18	-2	126	49
Teltow	24	-3	166	56
Templin	23	-3	113	56
Tennenbronn	25	-2	158	56
Teschow	21	-2	113	54	8
Tettenhausen	23	-6	184	57
Tettnang	23	-6	173	59
Teupitz	23	-3	166	58
"Teutoburger Wald"	22	-2	122	49
Thale	22	-2	122	49
Thalfang	23	-1	129	49
Thallichtenberg	23	-2	129	51
Thanstein	24	-4	114	56
Tharandt	24	-4	169	59
"Tholey Theley"	23	-1	129	52
Thomsdorf	24	-2	113	57
Threna	25	-3	170	45
Thum	24	-5	150	63
Thurmansbang	24	-6	187	59
Thyrnau	24	-6	187	58
Tiefenbach	24	-4	167	59
Tiefenbach	24	-5	150	63
"Tiefenbach bei Oberstdorf"	23	-5	173	57
Tiefenbronn	23	-4	167	59
"Timmendorfer Strand"	23	-2	190	49
Tinnum	19	-1	133	54	9
"Tiroler Ache"	24	-6	184	55
Titisee	24	-3	134	58
Titisee-Neustadt	24	-3	134	54
Titting-Emsing	24	-4	114	58
Tittling	24	-6	187	58
Todtmoos	25	-2	174	54
Todtnau	25	-2	174	52
Todtnauberg	25	-2	174	52
Tonndorf	24	-2	170	48
Toppenstedt	22	-2	190	48
Torgau	24	-4	170	45
Torgelow	21	-2	113	57	9
Tossens	20	-2	199	50
Trabelsdorf	24	-4	114	56
Traben-Trarbach	24	-1	129	49
Trappenkamp	20	-3	138	51
Trassem	23	-1	182	55
Trassenheide	21	-2	113	55	8
Traubing	23	-5	173	57
Traunreut	24	-6	184	54
Traunstein	24	-6	184	56
Trautheim	24	-3	111	51
Trautskirchen	24	-4	114	57
Travemuende	22	-2	190	50
Trebbin	23	-3	166	55
Trebur	24	-2	111	50
Treis-Karden	23	-1	129	53
Trendelburg	18	-2	126	48
Trent	21	-1	113	55	8
Treppeln	23	-3	166	58
Treseburg	23	-2	122	49
Treuchtlingen	23	-5	173	54
Triberg	25	-2	158	56
Triefenried	24	-6	187	56
Trier	23	-1	182	53
Trippstadt	24	-1	129	51
Tripsdrill	23	-4	167	58
Trittenheim	23	-1	129	50
Trochtelfingen	24	-4	167	60
Trockau	24	-4	114	57
Trockenborn-wolfersdorf	24	-3	170	45
Troisdorf	24	-1	180	50
Trollenhagen	21	-3	113	55	8
Trusetal	24	-3	170	47
Troestau	24	-4	114	56
Tuttlingen	25	-3	134	57
Tutzing	23	-5	173	54
Twiste	18	-2	126	51
Taennesberg	24	-3	114	57
Toenning	19	-1	133	57	9
Toerwang	24	-6	184	57
Tuebingen	23	-3	167	62
Ubstadt-Weiher	23	-4	167	58
Ueckermuende	21	-2	113	56	8
Uelsen	22	-2	122	48
Uelzen	22	-2	122	48
Uetersen	22	-2	190	51
Uhldingen	23	-5	173	58
Ulm	23	-4	167	57
Ulmen	23	-1	129	52
Ulmet	23	-1	129	50
Ulrichstein	25	-2	111	51
Umkirch	24	-2	174	54
Ummendorf	23	-5	173	56
Umrathshausen	24	-6	184	56
Undeloh	22	-2	190	47
"Undeloh - Wesel"	22	-3	190	48
Unkel	23	-1	180	49
Unna	22	0	143	49
Unterbrunn	23	-5	173	55
Unterfoehring	23	-4	173	55
Untergriesbach	24	-6	187	55
Untergruppenbach	23	-4	167	62
Unterhaching	23	-5	173	56
Unterjoch	23	-5	173	55
Untermeitingen	23	-5	173	55
Unterreichenbach	23	-4	167	56
Unterschleissheim	23	-5	173	55
Unteruhldingen	23	-6	173	57
Unterwellenborn	24	-3	170	47
Unterwoessen	23	-6	184	55
Urbach	23	-4	167	58
Urbar	23	-1	129	53
Ursensollen	24	-4	114	58
Usedom	21	-3	113	56	8
Userin	21	-2	113	55	9
Usingen	24	-2	111	51
Uslar	18	-3	126	48
Usseln-Willingen	22	0	143	47
"Utting am Ammersee"	24	-5	173	57
Vachdorf	24	-3	170	46
Valley	22	-5	173	55
Valwig	23	-1	129	51
Varel	20	-1	199	53
Vaterstetten	23	-5	173	56
Vatterode	23	-2	170	48
Vechelde	23	-2	122	49
Vechta	22	-3	174	47
Veitshoechheim	24	-4	114	57
Velbert	21	-1	197	47
Velburg	24	-4	114	58
Velen	21	-1	197	46
Vellberg	24	-4	167	58
Verchen	21	-1	113	56	8
Verden	22	-2	174	48
Verl	23	-1	180	48
Vesser	24	-4	170	44
Vetschau	24	-4	169	59
Viechtach	23	-5	173	54
Vienau	22	-3	122	48
Viernheim	24	-2	111	48
Viersen	23	0	197	42
Villingen-Schwenningen	25	-3	134	55
Villmar	24	-2	111	52
Vilsbiburg	23	-5	173	54
Vilshofen	24	-6	187	57
Visbek	22	-2	174	46
Visselhoevede	22	-2	174	51
Vitte	21	-2	113	57	8
Vlotho	22	0	143	48
Volkach	24	-4	114	58
Volkenshagen	21	-2	113	55	8
Volkerode	18	-2	126	49
Volkse	23	-2	122	50
Vorderhindelang	23	-5	173	55
Vorra	24	-4	114	58
Vreden	22	-2	122	49
Voehl-Herzhausen	19	-2	126	50
Wachtberg-Niederbachem	24	-1	180	48
Wagenfeld	22	-2	174	48
"Waging am See"	24	-6	184	57
Wahn-Heide	23	-2	180	49
Waiblingen	23	-4	167	58
Waischenfeld	24	-4	114	58
Walchensee	23	-5	173	57
Wald	24	-6	184	54
Wald-Michelbach	25	-2	111	53
Waldachtal	23	-4	167	57
Waldau	24	-4	114	56
Waldau	24	-3	170	44
Waldbeuren	23	-5	173	54
Waldbreitbach	23	-1	180	51
Waldbronn	23	-4	167	60
Waldboeckelheim	23	-1	129	53
Waldeck	18	-2	126	51
Waldenburg	24	-4	167	56
Waldenburg	24	-2	170	50
Waldfischbach-Burgalben	23	-1	129	53
Waldkappel-Burghofen	18	-3	126	48
Waldkirch	25	-2	158	56
Waldkirchen	24	-6	187	60
Waldmuenchen	23	-5	150	61
Waldrach	23	-1	182	55
Waldsassen	24	-4	114	58
Waldshut-Tiengen	25	-3	134	57
Waldstetten	23	-6	173	57
Walkenried	24	-4	170	48
Walkertshofen	23	-5	173	59
Wallau	24	-2	111	50
Walldorf	24	-2	111	50
Wallenfels	24	-4	114	55
Wallerfangen	23	-1	129	52
Wallgau	25	-7	172	61
Walpertskirchen	23	-6	173	55
Walsburg	24	-4	114	57
Walsrode	22	-3	122	51
Walsrode-Huenzingen	22	-2	122	46
Waltenhofen	23	-5	173	55
Waltenhofen-Martinszell	23	-5	173	56
Waltrop	23	-1	180	52
Wandlitz	24	-3	113	52
"Wangen im Allgaeu"	23	-5	173	56
Wangerland	20	-1	199	49
"Wangern Insel Poel"	22	-2	190	49
Wangerooge	20	-1	199	51
Wankendorf	20	-2	138	55
Warder	22	-3	190	48
Waren	21	-2	113	54	8
Warendorf	22	-2	122	49
Warmensteinach	24	-4	114	55
Warnemuende	21	-1	113	56	8
Warnow	22	-2	190	52
Warnsdorf	21	-2	113	55
Warnsdorf	22	-2	190	50
Warstein	22	0	143	50
Wartenberg	23	-6	173	56
Wartmannsroth	24	-2	111	50
Warzenried	23	-6	150	64
Waschleithe	24	-5	150	62
Wassenberg	22	-1	131	51
Wasserburg	23	-5	173	55
"Wasserburg a. Bodensee"	23	-5	173	57
Wasserfuhr	23	-2	180	50
Wasserleben	21	-2	138	53
Wasserliesch	23	-1	182	56
Wassertruedingen	24	-4	114	59
Wedel	22	-3	190	50
Wedemark	20	-1	199	50
Wedendorf	22	-2	190	49
Weener	21	-2	138	43
Weeze	23	0	197	42
Wegberg	23	-1	180	48
Wegscheid	26	-7	172	59
Wehlen	23	-2	129	53
Wehr	25	-1	174	54
Weida	24	-4	114	56
Weiden	24	-4	114	54
Weidenbach	23	-1	129	51
Weidhausen	23	-4	114	58
Weigendorf	23	-5	173	57
"Weil am Rhein"	25	-2	174	54
"Weil der Stadt"	23	-4	167	61
Weilburg	24	-2	111	51
"Weiler - Simmerberg"	23	-5	173	55
Weilerswist	23	-2	180	48
Weilheim	25	-7	172	59
Weilheim	24	-3	134	57
Weilrod	24	-3	111	52
Weimar	24	-3	170	45
Weinboehla	24	-4	169	59
Weingarten	23	-5	173	54
Weinheim	24	-2	111	49
Weinsberg	23	-4	167	60
Weinstadt-Endersbach	23	-4	167	58
Weisendorf	24	-4	114	57
"Weisenheim am Berg"	24	-2	111	51
Weiskirchen	23	-1	129	53
Weissbach	25	-7	172	59
Weissen	24	-2	170	45
"Weissenhaeuser Strand"	20	-2	138	53
Weitnau	23	-4	173	57
Weizern	23	-5	173	54
Weissen	23	-5	173	57
Weissenburg	24	-4	114	57
Weissenfeld	22	-5	173	54
Weissenfels	24	-3	170	48
Weissenhorn	24	-4	173	59
Weissensberg	24	-5	173	54
Weissensee	24	-3	170	45
Weissenstadt	24	-4	114	55
Weissig	24	-4	169	58
Weisswasser	24	-4	169	59
Wemding	23	-5	173	57
Wendeburg	22	-2	122	49
Wendelstein	24	-4	114	55
Wenden	23	-1	180	49
Wendisch-Rietz	23	-3	166	56
Wendtorf	20	-3	138	55
Wenholthausen	22	0	143	49
Wenkendorf	20	-3	138	51
Wenningstedt	18	-2	133	56	9
Wensickendorf	23	-3	113	55
Werbach	24	-3	111	51
Werben	23	-3	166	58
Werdau	24	-4	114	54
Werder	23	-3	113	55
Werdum	20	-1	199	50
Werl	23	0	143	45
Wermelskirchen	23	-1	180	49
Wermsdorf	23	-2	170	49
Wernberg	24	-5	114	56
Wernberg-Koeblitz	24	-4	114	55
"Werne an der Lippe"	21	0	143	49
Wernigerode	22	-2	122	48
Wernshausen	24	-3	170	47
Wershofen	23	-1	180	50
Wertach	23	-5	173	59
Wertheim	24	-2	111	53
Wertheim-Bettingen	24	-2	111	51
Werther	23	-2	122	47
Wesel	21	-2	197	48
Wesenberg	22	-2	113	54
Wesendorf	22	-3	122	48
Wesselburen	20	-2	138	53
Wesseling	23	-1	180	47
Wessobrunn-Paterzell	22	-5	173	56
Westbevern	22	-3	122	49
Westerburg	23	-1	180	47
Westerholz	20	-2	138	55
Westerland	19	-1	133	57	9
Westerstede	20	-1	199	51
Wettenberg	24	-2	111	50
Wettringen	22	-4	122	49
Wetzlar	24	-2	111	50
Weyarn	23	-5	173	55
Weyhausen	22	-2	122	48
Wessling	23	-5	173	56
Wickerode	24	-3	170	44
Wieck	22	-2	113	57	8
Wieda	24	-4	170	49
Wiedemar	23	-3	170	46
Wieden	26	-2	174	54
Wiehe	24	-3	170	49
Wiehl	23	-1	180	51
Wiek	21	-1	113	53	8
Wienhausen	22	-2	122	49
Wiesbaden	24	-2	111	52
Wiesenbad	24	-4	169	61
Wiesenbronn	24	-4	114	57
Wiesensteig	23	-4	167	57
Wiesentheid	24	-4	114	57
Wiesloch	24	-2	111	51
Wiesmoor	20	-1	199	52
Wietze	20	-1	199	47
Wietzendorf	22	-2	122	49
Wiggensbach	23	-4	173	58
Wildberg	23	-4	167	61
Wildeck	17	-2	126	51
Wildemann	22	-2	122	48
Wildeshausen	22	-2	174	49
Wilgartswiesen	23	-1	129	53
Wilhelmsfeld	24	-2	111	52
Wilhelmshaven	21	-2	199	51
Willebadessen	23	0	143	48
Willich	23	0	197	38
Willigen-Usseln	23	0	143	48
Willingen	22	-1	143	46
Willstaett	25	-2	158	56
Wilnsdorf-Roedgen	23	-1	180	48
Wilsdruff	24	-4	169	56
Wilster	22	-3	190	49
Wilthen	24	-4	169	59
Wincheringen	22	-1	182	53
Windeck	23	-1	180	50
Windelsbach	24	-4	114	58
"Winden im Elztal"	26	-2	158	56
Windhagen	23	-1	180	49
Windorf	24	-6	187	59
Wingst	21	-1	199	50
Winnenden	23	-4	167	57
Winningen	24	-1	129	53
Winterbach	23	-4	167	56
Winterberg	22	0	143	47
Winterscheid	23	-2	180	51
Winterstein	24	-3	170	48
Wintrich	23	-1	129	51
Wirsberg	25	-4	114	55
Wisch	19	-1	133	58	9
Wismar	22	-2	190	47
Witten	22	0	143	46
Wittenbeck	21	-2	113	57	8
Wittenberg	24	-3	170	46
Wittenburg	22	-2	190	49
Wittenhofen	23	-4	167	62
Wittlich	24	-1	129	52
Wittmund	20	-1	199	50
Wittstock	21	-2	113	54
Witzeeze	22	-2	190	51
Witzenhausen	17	-2	126	46
Woblitzsee	21	-2	113	56
Wohlenberg	22	-3	190	50
Wohlmirstedt	24	-4	170	46
Woldzegarten	21	-2	113	53
Wolfach	25	-2	158	55
Wolfen	24	-3	170	47
Wolfenbuettel	22	-2	122	47
Wolframs-Eschenbach	24	-4	114	56
Wolfsburg	22	-2	122	48
Wolfshagen	22	-3	122	48
Wolfstein	23	-1	129	54
Wolkenstein	24	-6	150	63
Wolnzach	23	-6	173	54
Worms	24	-2	111	53
Worpswede	22	-2	174	50
Wredenhagen	21	-2	113	53
Wremen	20	-1	199	47
Wrexen	20	-2	126	49
Wrixum	20	-1	133	57	9
Wulkow	21	-2	113	56
Wunstorf	22	-2	122	48
Wurmlingen	25	-3	134	57
Wurzbach	24	-5	114	57
Wurzen	24	-3	170	46
Wusterhausen	23	-3	113	56
Wustrau-Altfriesack	23	-3	113	54
Wustrow	21	-2	113	54	8
"Wyk auf Foehr"	19	-1	133	55	9
Waechtersbach	24	-2	111	52
Waeschenbeuren	23	-4	167	59
Woehrden	20	-2	138	51
Woelfersheim	24	-3	111	52
Woerlitz	24	-3	170	46
Woerrstadt	24	-3	111	50
"Woerth an der Isar"	23	-6	173	55
Woerthsee	23	-5	173	57
Wuelfershausen	23	-3	170	46
Wuerselen	22	-1	131	51
Wuerzberg	24	-2	111	52
Wuerzburg	23	-4	114	55
Wuestenrot	23	-4	167	57
Xanten	21	-1	197	48
Zabeltitz	24	-4	169	58
Zaberfeld	23	-4	167	56
Zandt	23	-4	114	55
Zarrentin	22	-2	190	50
Zartwitz	21	-2	113	55
Zauchwitz	23	-3	166	56
Zaulsdorf	24	-4	114	56
Zechlinerhuette	24	-3	113	55
Zeesen	23	-3	166	56
Zehdenick	23	-3	113	53
Zeilitzheim	24	-4	114	57
Zeitlarn	23	-5	173	57
Zeitz	24	-3	170	48
Zeitz	24	-3	170	47
Zell	24	-2	111	49
"Zell am Harmersbach"	25	-2	158	55
"Zell im Fichtelgebirge"	25	-4	114	59
"Zell im Wiesental"	25	-2	174	54
"Zella Mehlis"	24	-3	170	48
Zeltingen	23	-1	129	52
Zeltingen-Rachtig	23	-1	129	52
Zempin	21	-2	113	57	8
Zenting	24	-6	187	56
Zeulenroda	24	-4	114	59
Zeuthen	23	-3	166	56
Zeven	22	-2	174	49
Ziegenrueck	24	-5	114	56
Ziesar	24	-3	113	54
Zingst	21	-1	113	56	8
Zinnowitz	21	-2	113	53	8
Zirndorf	24	-4	114	57
Zittau	24	-5	169	60
Zorge	24	-3	170	46
Zorneding	22	-5	173	56
Zossen	23	-3	166	58
Zusmarshausen	23	-5	173	56
Zuzenhausen	24	-3	111	53
Zweibruecken	23	-1	129	54
Zweiflingen	23	-4	167	59
Zwenkau	24	-3	170	46
Zwenzow	21	-2	113	56
Zwickau	24	-5	150	61
Zwiesel	24	-6	187	58
Zwingenberg	24	-2	111	48
Zwota	24	-5	150	64
Zwoenitz	23	-5	150	63
oehningen	25	-3	134	55
oehringen	24	-4	167	59
oestrich-Winkel	24	-3	111	50
oetigheim	24	-3	158	58
ueberherrn	24	-1	129	51
ueberlingen	23	-5	173	57
uebersee	24	-6	184	56
uerzig	23	-1	129	53