"day","month","year","speaker"
1,10,18,"Elias"
2,10,18,"Elias"
10,10,18,"Lydia"
10,10,18,"Lydia"
10,10,18,"Elias"
10,10,18,"Elias"
10,10,18,"Lydia"
10,10,18,"Elias"
10,10,18,"Lydia"
10,10,18,"Lydia"
10,10,18,"Elias"
11,10,18,"Elias"
11,10,18,"Lydia"
11,10,18,"Lydia"
11,10,18,"Elias"
11,10,18,"Elias"
11,10,18,"Lydia"
11,10,18,"Lydia"
11,10,18,"Lydia"
11,10,18,"Elias"
11,10,18,"Elias"
11,10,18,"Lydia"
11,10,18,"Elias"
11,10,18,"Lydia"
11,10,18,"Lydia"
11,10,18,"Elias"
11,10,18,"Elias"
11,10,18,"Lydia"
12,10,18,"Elias"
12,10,18,"Elias"
12,10,18,"Lydia"
12,10,18,"Lydia"
12,10,18,"Lydia"
12,10,18,"Lydia"
12,10,18,"Lydia"
12,10,18,"Elias"
12,10,18,"Elias"
12,10,18,"Elias"
12,10,18,"Lydia"
12,10,18,"Lydia"
12,10,18,"Lydia"
12,10,18,"Elias"
12,10,18,"Lydia"
12,10,18,"Elias"
12,10,18,"Lydia"
12,10,18,"Lydia"
12,10,18,"Elias"
12,10,18,"Lydia"
12,10,18,"Lydia"
12,10,18,"Elias"
12,10,18,"Elias"
12,10,18,"Lydia"
12,10,18,"Lydia"
12,10,18,"Elias"
12,10,18,"Lydia"
12,10,18,"Lydia"
12,10,18,"Lydia"
12,10,18,"Lydia"
12,10,18,"Elias"
12,10,18,"Lydia"
12,10,18,"Lydia"
12,10,18,"Lydia"
12,10,18,"Elias"
12,10,18,"Lydia"
12,10,18,"Lydia"
12,10,18,"Elias"
12,10,18,"Elias"
12,10,18,"Lydia"
12,10,18,"Elias"
12,10,18,"Elias"
12,10,18,"Lydia"
12,10,18,"Elias"
12,10,18,"Lydia"
12,10,18,"Elias"
12,10,18,"Elias"
12,10,18,"Lydia"
12,10,18,"Elias"
12,10,18,"Elias"
12,10,18,"Elias"
12,10,18,"Elias"
12,10,18,"Elias"
12,10,18,"Elias"
12,10,18,"Elias"
12,10,18,"Elias"
12,10,18,"Elias"
12,10,18,"Lydia"
12,10,18,"Lydia"
12,10,18,"Lydia"
13,10,18,"Lydia"
13,10,18,"Lydia"
13,10,18,"Lydia"
13,10,18,"Elias"
13,10,18,"Elias"
13,10,18,"Elias"
15,10,18,"Lydia"
15,10,18,"Lydia"
15,10,18,"Lydia"
15,10,18,"Elias"
15,10,18,"Elias"
15,10,18,"Lydia"
15,10,18,"Elias"
15,10,18,"Elias"
15,10,18,"Elias"
16,10,18,"Lydia"
16,10,18,"Elias"
16,10,18,"Lydia"
16,10,18,"Elias"
16,10,18,"Elias"
16,10,18,"Lydia"
16,10,18,"Lydia"
16,10,18,"Elias"
16,10,18,"Lydia"
16,10,18,"Lydia"
16,10,18,"Elias"
16,10,18,"Elias"
16,10,18,"Elias"
16,10,18,"Lydia"
16,10,18,"Lydia"
16,10,18,"Elias"
16,10,18,"Lydia"
16,10,18,"Elias"
16,10,18,"Lydia"
16,10,18,"Lydia"
16,10,18,"Elias"
16,10,18,"Elias"
16,10,18,"Elias"
16,10,18,"Elias"
16,10,18,"Lydia"
16,10,18,"Elias"
16,10,18,"Lydia"
16,10,18,"Lydia"
16,10,18,"Lydia"
16,10,18,"Elias"
16,10,18,"Lydia"
16,10,18,"Lydia"
16,10,18,"Elias"
16,10,18,"Lydia"
17,10,18,"Elias"
17,10,18,"Lydia"
17,10,18,"Elias"
17,10,18,"Elias"
17,10,18,"Elias"
17,10,18,"Lydia"
17,10,18,"Lydia"
17,10,18,"Elias"
19,10,18,"Elias"
21,10,18,"Elias"
23,10,18,"Lydia"
23,10,18,"Lydia"
25,10,18,"Elias"
25,10,18,"Lydia"
25,10,18,"Elias"
25,10,18,"Elias"
25,10,18,"Elias"
25,10,18,"Lydia"
25,10,18,"Lydia"
25,10,18,"Lydia"
25,10,18,"Lydia"
25,10,18,"Elias"
25,10,18,"Lydia"
25,10,18,"Elias"
25,10,18,"Elias"
25,10,18,"Elias"
25,10,18,"Lydia"
25,10,18,"Lydia"
25,10,18,"Lydia"
25,10,18,"Lydia"
25,10,18,"Lydia"
25,10,18,"Lydia"
25,10,18,"Elias"
25,10,18,"Elias"
26,10,18,"Lydia"
26,10,18,"Elias"
26,10,18,"Lydia"
26,10,18,"Elias"
26,10,18,"Lydia"
26,10,18,"Elias"
26,10,18,"Lydia"
26,10,18,"Elias"
26,10,18,"Lydia"
26,10,18,"Lydia"
26,10,18,"Elias"
26,10,18,"Elias"
26,10,18,"Lydia"
26,10,18,"Elias"
27,10,18,"Lydia"
27,10,18,"Lydia"
27,10,18,"Elias"
27,10,18,"Lydia"
27,10,18,"Elias"
27,10,18,"Lydia"
27,10,18,"Lydia"
27,10,18,"Lydia"
27,10,18,"Lydia"
27,10,18,"Lydia"
27,10,18,"Elias"
27,10,18,"Elias"
27,10,18,"Lydia"
27,10,18,"Lydia"
27,10,18,"Lydia"
27,10,18,"Lydia"
27,10,18,"Elias"
27,10,18,"Elias"
27,10,18,"Lydia"
27,10,18,"Lydia"
27,10,18,"Lydia"
27,10,18,"Lydia"
27,10,18,"Elias"
27,10,18,"Lydia"
27,10,18,"Lydia"
27,10,18,"Elias"
27,10,18,"Elias"
27,10,18,"Lydia"
27,10,18,"Lydia"
27,10,18,"Lydia"
27,10,18,"Lydia"
27,10,18,"Elias"
27,10,18,"Lydia"
27,10,18,"Elias"
27,10,18,"Elias"
27,10,18,"Lydia"
27,10,18,"Lydia"
28,10,18,"Elias"
28,10,18,"Lydia"
28,10,18,"Elias"
28,10,18,"Lydia"
29,10,18,"Lydia"
30,10,18,"Elias"
30,10,18,"Lydia"
30,10,18,"Lydia"
30,10,18,"Elias"
30,10,18,"Elias"
30,10,18,"Lydia"
30,10,18,"Elias"
30,10,18,"Lydia"
30,10,18,"Lydia"
30,10,18,"Elias"
30,10,18,"Lydia"
30,10,18,"Lydia"
30,10,18,"Elias"
30,10,18,"Lydia"
30,10,18,"Elias"
30,10,18,"Elias"
30,10,18,"Lydia"
30,10,18,"Lydia"
30,10,18,"Elias"
30,10,18,"Elias"
30,10,18,"Lydia"
30,10,18,"Elias"
30,10,18,"Lydia"
30,10,18,"Lydia"
30,10,18,"Elias"
30,10,18,"Elias"
30,10,18,"Elias"
30,10,18,"Lydia"
30,10,18,"Lydia"
30,10,18,"Lydia"
30,10,18,"Lydia"
30,10,18,"Lydia"
30,10,18,"Elias"
30,10,18,"Lydia"
30,10,18,"Lydia"
30,10,18,"Elias"
30,10,18,"Lydia"
30,10,18,"Lydia"
30,10,18,"Elias"
30,10,18,"Elias"
31,10,18,"Elias"
31,10,18,"Elias"
31,10,18,"Elias"
31,10,18,"Elias"
1,11,18,"Lydia"
1,11,18,"Lydia"
1,11,18,"Elias"
1,11,18,"Elias"
1,11,18,"Lydia"
2,11,18,"Elias"
3,11,18,"Lydia"
3,11,18,"Elias"
3,11,18,"Lydia"
3,11,18,"Lydia"
3,11,18,"Elias"
3,11,18,"Elias"
3,11,18,"Lydia"
3,11,18,"Lydia"
3,11,18,"Lydia"
3,11,18,"Lydia"
3,11,18,"Lydia"
3,11,18,"Elias"
3,11,18,"Elias"
3,11,18,"Elias"
3,11,18,"Elias"
3,11,18,"Lydia"
3,11,18,"Elias"
3,11,18,"Elias"
3,11,18,"Lydia"
3,11,18,"Lydia"
3,11,18,"Elias"
3,11,18,"Lydia"
3,11,18,"Lydia"
3,11,18,"Elias"
3,11,18,"Elias"
3,11,18,"Elias"
3,11,18,"Lydia"
3,11,18,"Lydia"
3,11,18,"Elias"
3,11,18,"Elias"
3,11,18,"Lydia"
3,11,18,"Elias"
3,11,18,"Lydia"
3,11,18,"Elias"
3,11,18,"Lydia"
3,11,18,"Lydia"
3,11,18,"Elias"
3,11,18,"Elias"
3,11,18,"Elias"
3,11,18,"Elias"
3,11,18,"Lydia"
3,11,18,"Lydia"
3,11,18,"Lydia"
3,11,18,"Lydia"
3,11,18,"Elias"
3,11,18,"Lydia"
3,11,18,"Elias"
3,11,18,"Elias"
3,11,18,"Lydia"
3,11,18,"Lydia"
3,11,18,"Elias"
3,11,18,"Lydia"
3,11,18,"Elias"
3,11,18,"Lydia"
3,11,18,"Elias"
3,11,18,"Lydia"
3,11,18,"Elias"
3,11,18,"Lydia"
3,11,18,"Elias"
3,11,18,"Lydia"
3,11,18,"Elias"
3,11,18,"Elias"
5,11,18,"Elias"
5,11,18,"Lydia"
5,11,18,"Lydia"
5,11,18,"Elias"
5,11,18,"Lydia"
5,11,18,"Lydia"
5,11,18,"Lydia"
5,11,18,"Elias"
7,11,18,"Elias"
7,11,18,"Lydia"
7,11,18,"Lydia"
7,11,18,"Lydia"
7,11,18,"Elias"
7,11,18,"Elias"
7,11,18,"Lydia"
7,11,18,"Lydia"
7,11,18,"Elias"
7,11,18,"Elias"
7,11,18,"Lydia"
7,11,18,"Lydia"
7,11,18,"Lydia"
7,11,18,"Elias"
7,11,18,"Lydia"
7,11,18,"Elias"
7,11,18,"Lydia"
7,11,18,"Lydia"
7,11,18,"Elias"
7,11,18,"Elias"
7,11,18,"Lydia"
7,11,18,"Elias"
7,11,18,"Lydia"
7,11,18,"Elias"
7,11,18,"Lydia"
7,11,18,"Elias"
7,11,18,"Lydia"
7,11,18,"Lydia"
7,11,18,"Elias"
8,11,18,"Elias"
8,11,18,"Elias"
15,11,18,"Lydia"
15,11,18,"Lydia"
15,11,18,"Elias"
15,11,18,"Lydia"
15,11,18,"Elias"
18,11,18,"Elias"
18,11,18,"Lydia"
18,11,18,"Lydia"
18,11,18,"Lydia"
19,11,18,"Elias"
19,11,18,"Lydia"
19,11,18,"Lydia"
19,11,18,"Lydia"
19,11,18,"Lydia"
19,11,18,"Elias"
20,11,18,"Elias"
20,11,18,"Lydia"
20,11,18,"Lydia"
20,11,18,"Lydia"
20,11,18,"Lydia"
20,11,18,"Elias"
20,11,18,"Lydia"
20,11,18,"Elias"
21,11,18,"Elias"
22,11,18,"Lydia"
22,11,18,"Lydia"
22,11,18,"Elias"
22,11,18,"Elias"
22,11,18,"Elias"
23,11,18,"Lydia"
23,11,18,"Lydia"
23,11,18,"Lydia"
23,11,18,"Lydia"
23,11,18,"Elias"
23,11,18,"Lydia"
24,11,18,"Elias"
25,11,18,"Lydia"
26,11,18,"Elias"
26,11,18,"Lydia"
26,11,18,"Elias"
26,11,18,"Elias"
26,11,18,"Lydia"
26,11,18,"Lydia"
26,11,18,"Lydia"
26,11,18,"Lydia"
26,11,18,"Elias"
26,11,18,"Lydia"
26,11,18,"Lydia"
26,11,18,"Lydia"
26,11,18,"Lydia"
26,11,18,"Lydia"
26,11,18,"Elias"
26,11,18,"Elias"
26,11,18,"Lydia"
26,11,18,"Lydia"
26,11,18,"Lydia"
26,11,18,"Lydia"
26,11,18,"Lydia"
26,11,18,"Lydia"
26,11,18,"Lydia"
26,11,18,"Lydia"
26,11,18,"Elias"
26,11,18,"Elias"
26,11,18,"Lydia"
26,11,18,"Lydia"
26,11,18,"Elias"
27,11,18,"Elias"
27,11,18,"Lydia"
27,11,18,"Lydia"
27,11,18,"Lydia"
27,11,18,"Lydia"
27,11,18,"Lydia"
27,11,18,"Lydia"
27,11,18,"Lydia"
27,11,18,"Lydia"
27,11,18,"Lydia"
27,11,18,"Lydia"
27,11,18,"Lydia"
27,11,18,"Lydia"
27,11,18,"Elias"
27,11,18,"Elias"
27,11,18,"Elias"
27,11,18,"Elias"
27,11,18,"Lydia"
27,11,18,"Lydia"
27,11,18,"Lydia"
27,11,18,"Lydia"
27,11,18,"Elias"
27,11,18,"Lydia"
27,11,18,"Lydia"
27,11,18,"Lydia"
27,11,18,"Elias"
27,11,18,"Elias"
27,11,18,"Lydia"
27,11,18,"Lydia"
27,11,18,"Lydia"
27,11,18,"Elias"
27,11,18,"Elias"
27,11,18,"Lydia"
27,11,18,"Elias"
27,11,18,"Elias"
27,11,18,"Lydia"
27,11,18,"Elias"
27,11,18,"Lydia"
27,11,18,"Lydia"
27,11,18,"Lydia"
27,11,18,"Elias"
27,11,18,"Elias"
27,11,18,"Lydia"
27,11,18,"Lydia"
27,11,18,"Lydia"
27,11,18,"Lydia"
27,11,18,"Elias"
27,11,18,"Elias"
28,11,18,"Lydia"
28,11,18,"Elias"
28,11,18,"Lydia"
28,11,18,"Lydia"
28,11,18,"Lydia"
28,11,18,"Elias"
28,11,18,"Elias"
28,11,18,"Lydia"
28,11,18,"Lydia"
28,11,18,"Lydia"
28,11,18,"Lydia"
28,11,18,"Elias"
28,11,18,"Lydia"
28,11,18,"Elias"
28,11,18,"Lydia"
28,11,18,"Lydia"
28,11,18,"Elias"
29,11,18,"Lydia"
29,11,18,"Lydia"
29,11,18,"Lydia"
29,11,18,"Lydia"
29,11,18,"Elias"
29,11,18,"Lydia"
29,11,18,"Lydia"
29,11,18,"Elias"
30,11,18,"Elias"
30,11,18,"Lydia"
30,11,18,"Elias"
1,12,18,"Lydia"
1,12,18,"Elias"
1,12,18,"Elias"
1,12,18,"Lydia"
2,12,18,"Lydia"
3,12,18,"Elias"
3,12,18,"Elias"
3,12,18,"Lydia"
3,12,18,"Lydia"
3,12,18,"Elias"
3,12,18,"Lydia"
3,12,18,"Lydia"
3,12,18,"Lydia"
3,12,18,"Elias"
5,12,18,"Lydia"
5,12,18,"Elias"
5,12,18,"Elias"
6,12,18,"Lydia"
6,12,18,"Elias"
7,12,18,"Elias"
7,12,18,"Lydia"
7,12,18,"Elias"
7,12,18,"Lydia"
7,12,18,"Lydia"
7,12,18,"Lydia"
7,12,18,"Lydia"
8,12,18,"Elias"
8,12,18,"Lydia"
8,12,18,"Lydia"
8,12,18,"Lydia"
8,12,18,"Elias"
9,12,18,"Lydia"
9,12,18,"Elias"
9,12,18,"Lydia"
9,12,18,"Elias"
9,12,18,"Lydia"
9,12,18,"Elias"
10,12,18,"Elias"
10,12,18,"Lydia"
10,12,18,"Lydia"
10,12,18,"Elias"
11,12,18,"Elias"
11,12,18,"Elias"
12,12,18,"Elias"
12,12,18,"Lydia"
12,12,18,"Lydia"
12,12,18,"Lydia"
12,12,18,"Elias"
12,12,18,"Elias"
12,12,18,"Lydia"
12,12,18,"Elias"
12,12,18,"Lydia"
12,12,18,"Lydia"
12,12,18,"Elias"
12,12,18,"Lydia"
12,12,18,"Elias"
13,12,18,"Elias"
13,12,18,"Lydia"
13,12,18,"Lydia"
13,12,18,"Elias"
13,12,18,"Lydia"
13,12,18,"Elias"
13,12,18,"Elias"
13,12,18,"Lydia"
13,12,18,"Lydia"
13,12,18,"Lydia"
13,12,18,"Elias"
13,12,18,"Elias"
13,12,18,"Elias"
13,12,18,"Lydia"
13,12,18,"Lydia"
13,12,18,"Elias"
13,12,18,"Elias"
13,12,18,"Elias"
13,12,18,"Elias"
14,12,18,"Lydia"
15,12,18,"Elias"
15,12,18,"Lydia"
15,12,18,"Elias"
15,12,18,"Lydia"
15,12,18,"Lydia"
15,12,18,"Elias"
15,12,18,"Lydia"
15,12,18,"Elias"
15,12,18,"Elias"
15,12,18,"Lydia"
15,12,18,"Elias"
15,12,18,"Elias"
15,12,18,"Lydia"
17,12,18,"Elias"
17,12,18,"Lydia"
17,12,18,"Elias"
17,12,18,"Lydia"
17,12,18,"Elias"
17,12,18,"Lydia"
17,12,18,"Lydia"
17,12,18,"Elias"
17,12,18,"Lydia"
17,12,18,"Elias"
17,12,18,"Lydia"
18,12,18,"Elias"
18,12,18,"Elias"
18,12,18,"Elias"
18,12,18,"Lydia"
19,12,18,"Elias"
19,12,18,"Lydia"
19,12,18,"Lydia"
19,12,18,"Lydia"
19,12,18,"Elias"
19,12,18,"Elias"
19,12,18,"Lydia"
19,12,18,"Lydia"
19,12,18,"Lydia"
19,12,18,"Lydia"
19,12,18,"Elias"
19,12,18,"Elias"
19,12,18,"Lydia"
19,12,18,"Elias"
19,12,18,"Elias"
19,12,18,"Lydia"
19,12,18,"Lydia"
19,12,18,"Elias"
19,12,18,"Lydia"
19,12,18,"Lydia"
19,12,18,"Elias"
19,12,18,"Lydia"
20,12,18,"Elias"
20,12,18,"Lydia"
20,12,18,"Elias"
20,12,18,"Lydia"
20,12,18,"Elias"
20,12,18,"Elias"
20,12,18,"Lydia"
20,12,18,"Lydia"
20,12,18,"Elias"
20,12,18,"Lydia"
20,12,18,"Lydia"
20,12,18,"Elias"
20,12,18,"Elias"
20,12,18,"Lydia"
20,12,18,"Lydia"
20,12,18,"Elias"
20,12,18,"Lydia"
20,12,18,"Elias"
20,12,18,"Elias"
20,12,18,"Elias"
20,12,18,"Elias"
20,12,18,"Lydia"
20,12,18,"Elias"
20,12,18,"Lydia"
20,12,18,"Lydia"
20,12,18,"Lydia"
20,12,18,"Elias"
20,12,18,"Lydia"
20,12,18,"Lydia"
20,12,18,"Elias"
20,12,18,"Lydia"
20,12,18,"Elias"
20,12,18,"Elias"
20,12,18,"Lydia"
20,12,18,"Elias"
20,12,18,"Elias"
20,12,18,"Lydia"
20,12,18,"Lydia"
20,12,18,"Elias"
20,12,18,"Lydia"
20,12,18,"Elias"
21,12,18,"Elias"
21,12,18,"Lydia"
21,12,18,"Lydia"
21,12,18,"Lydia"
21,12,18,"Elias"
21,12,18,"Lydia"
21,12,18,"Lydia"
21,12,18,"Elias"
21,12,18,"Elias"
21,12,18,"Lydia"
21,12,18,"Lydia"
21,12,18,"Lydia"
21,12,18,"Lydia"
21,12,18,"Elias"
21,12,18,"Lydia"
21,12,18,"Elias"
21,12,18,"Lydia"
21,12,18,"Lydia"
21,12,18,"Elias"
21,12,18,"Lydia"
21,12,18,"Lydia"
21,12,18,"Elias"
21,12,18,"Lydia"
21,12,18,"Lydia"
21,12,18,"Elias"
21,12,18,"Lydia"
21,12,18,"Elias"
21,12,18,"Elias"
21,12,18,"Lydia"
21,12,18,"Lydia"
21,12,18,"Elias"
21,12,18,"Lydia"
21,12,18,"Elias"
21,12,18,"Elias"
21,12,18,"Lydia"
21,12,18,"Lydia"
21,12,18,"Lydia"
21,12,18,"Elias"
22,12,18,"Lydia"
22,12,18,"Lydia"
22,12,18,"Elias"
22,12,18,"Lydia"
22,12,18,"Elias"
22,12,18,"Elias"
22,12,18,"Lydia"
22,12,18,"Lydia"
22,12,18,"Lydia"
22,12,18,"Elias"
22,12,18,"Elias"
22,12,18,"Lydia"
22,12,18,"Lydia"
22,12,18,"Elias"
22,12,18,"Lydia"
22,12,18,"Lydia"
23,12,18,"Elias"
23,12,18,"Elias"
23,12,18,"Elias"
23,12,18,"Lydia"
23,12,18,"Lydia"
23,12,18,"Elias"
23,12,18,"Elias"
23,12,18,"Elias"
23,12,18,"Elias"
23,12,18,"Lydia"
23,12,18,"Lydia"
23,12,18,"Lydia"
23,12,18,"Lydia"
23,12,18,"Lydia"
23,12,18,"Lydia"
24,12,18,"Elias"
24,12,18,"Lydia"
24,12,18,"Lydia"
24,12,18,"Elias"
24,12,18,"Elias"
24,12,18,"Lydia"
24,12,18,"Elias"
24,12,18,"Lydia"
24,12,18,"Elias"
24,12,18,"Lydia"
24,12,18,"Lydia"
24,12,18,"Lydia"
24,12,18,"Elias"
24,12,18,"Elias"
24,12,18,"Lydia"
24,12,18,"Elias"
24,12,18,"Lydia"
24,12,18,"Lydia"
24,12,18,"Lydia"
24,12,18,"Elias"
24,12,18,"Lydia"
24,12,18,"Elias"
24,12,18,"Elias"
24,12,18,"Lydia"
24,12,18,"Lydia"
24,12,18,"Elias"
24,12,18,"Elias"
24,12,18,"Elias"
24,12,18,"Lydia"
24,12,18,"Lydia"
24,12,18,"Lydia"
24,12,18,"Lydia"
24,12,18,"Lydia"
24,12,18,"Elias"
24,12,18,"Elias"
24,12,18,"Elias"
24,12,18,"Lydia"
24,12,18,"Lydia"
24,12,18,"Lydia"
24,12,18,"Elias"
24,12,18,"Elias"
24,12,18,"Lydia"
24,12,18,"Elias"
24,12,18,"Elias"
24,12,18,"Lydia"
24,12,18,"Lydia"
24,12,18,"Elias"
24,12,18,"Lydia"
24,12,18,"Lydia"
24,12,18,"Elias"
24,12,18,"Lydia"
24,12,18,"Elias"
24,12,18,"Elias"
24,12,18,"Lydia"
24,12,18,"Lydia"
24,12,18,"Elias"
24,12,18,"Elias"
24,12,18,"Lydia"
24,12,18,"Elias"
24,12,18,"Elias"
24,12,18,"Elias"
24,12,18,"Lydia"
24,12,18,"Elias"
24,12,18,"Lydia"
24,12,18,"Elias"
24,12,18,"Lydia"
24,12,18,"Elias"
24,12,18,"Lydia"
24,12,18,"Lydia"
24,12,18,"Lydia"
24,12,18,"Elias"
24,12,18,"Lydia"
24,12,18,"Elias"
24,12,18,"Elias"
24,12,18,"Elias"
24,12,18,"Lydia"
24,12,18,"Lydia"
24,12,18,"Lydia"
24,12,18,"Lydia"
24,12,18,"Elias"
24,12,18,"Elias"
24,12,18,"Lydia"
24,12,18,"Lydia"
24,12,18,"Elias"
25,12,18,"Lydia"
25,12,18,"Elias"
25,12,18,"Lydia"
25,12,18,"Elias"
25,12,18,"Elias"
25,12,18,"Lydia"
25,12,18,"Lydia"
25,12,18,"Lydia"
25,12,18,"Elias"
25,12,18,"Lydia"
25,12,18,"Elias"
25,12,18,"Elias"
25,12,18,"Lydia"
25,12,18,"Elias"
25,12,18,"Elias"
25,12,18,"Lydia"
25,12,18,"Lydia"
25,12,18,"Elias"
25,12,18,"Elias"
25,12,18,"Lydia"
25,12,18,"Lydia"
25,12,18,"Lydia"
26,12,18,"Elias"
26,12,18,"Elias"
26,12,18,"Lydia"
26,12,18,"Lydia"
26,12,18,"Elias"
26,12,18,"Lydia"
26,12,18,"Lydia"
26,12,18,"Elias"
26,12,18,"Elias"
26,12,18,"Lydia"
26,12,18,"Elias"
26,12,18,"Lydia"
26,12,18,"Elias"
26,12,18,"Lydia"
26,12,18,"Lydia"
26,12,18,"Elias"
26,12,18,"Lydia"
26,12,18,"Elias"
26,12,18,"Elias"
26,12,18,"Elias"
26,12,18,"Lydia"
26,12,18,"Lydia"
26,12,18,"Elias"
26,12,18,"Lydia"
26,12,18,"Elias"
26,12,18,"Elias"
26,12,18,"Elias"
26,12,18,"Lydia"
26,12,18,"Lydia"
26,12,18,"Elias"
26,12,18,"Elias"
27,12,18,"Lydia"
27,12,18,"Lydia"
27,12,18,"Elias"
27,12,18,"Lydia"
27,12,18,"Elias"
27,12,18,"Elias"
27,12,18,"Elias"
27,12,18,"Lydia"
27,12,18,"Lydia"
27,12,18,"Elias"
27,12,18,"Elias"
27,12,18,"Lydia"
27,12,18,"Lydia"
27,12,18,"Lydia"
27,12,18,"Elias"
27,12,18,"Lydia"
31,12,18,"Lydia"
31,12,18,"Lydia"
1,1,19,"Lydia"
1,1,19,"Elias"
1,1,19,"Elias"
1,1,19,"Elias"
1,1,19,"Lydia"
1,1,19,"Lydia"
1,1,19,"Lydia"
1,1,19,"Lydia"
1,1,19,"Elias"
1,1,19,"Elias"
1,1,19,"Elias"
1,1,19,"Elias"
1,1,19,"Elias"
1,1,19,"Lydia"
1,1,19,"Lydia"
1,1,19,"Lydia"
1,1,19,"Lydia"
1,1,19,"Elias"
1,1,19,"Elias"
1,1,19,"Lydia"
1,1,19,"Lydia"
3,1,19,"Elias"
3,1,19,"Lydia"
3,1,19,"Lydia"
3,1,19,"Lydia"
3,1,19,"Elias"
3,1,19,"Elias"
3,1,19,"Lydia"
3,1,19,"Lydia"
3,1,19,"Lydia"
3,1,19,"Elias"
3,1,19,"Lydia"
3,1,19,"Lydia"
3,1,19,"Elias"
3,1,19,"Elias"
3,1,19,"Lydia"
3,1,19,"Lydia"
4,1,19,"Lydia"
4,1,19,"Elias"
4,1,19,"Elias"
4,1,19,"Elias"
4,1,19,"Elias"
4,1,19,"Lydia"
4,1,19,"Elias"
4,1,19,"Lydia"
4,1,19,"Lydia"
4,1,19,"Lydia"
4,1,19,"Elias"
5,1,19,"Elias"
5,1,19,"Elias"
5,1,19,"Elias"
6,1,19,"Lydia"
7,1,19,"Elias"
8,1,19,"Elias"
8,1,19,"Lydia"
8,1,19,"Lydia"
8,1,19,"Lydia"
8,1,19,"Elias"
8,1,19,"Elias"
8,1,19,"Elias"
8,1,19,"Lydia"
8,1,19,"Lydia"
8,1,19,"Lydia"
8,1,19,"Elias"
8,1,19,"Elias"
8,1,19,"Lydia"
8,1,19,"Lydia"
8,1,19,"Lydia"
8,1,19,"Elias"
8,1,19,"Elias"
8,1,19,"Elias"
8,1,19,"Lydia"
8,1,19,"Lydia"
8,1,19,"Lydia"
8,1,19,"Elias"
9,1,19,"Elias"
11,1,19,"Elias"
12,1,19,"Lydia"
12,1,19,"Lydia"
12,1,19,"Lydia"
12,1,19,"Lydia"
13,1,19,"Elias"
14,1,19,"Lydia"
14,1,19,"Lydia"
14,1,19,"Lydia"
14,1,19,"Lydia"
14,1,19,"Elias"
14,1,19,"Elias"
14,1,19,"Elias"
14,1,19,"Elias"
16,1,19,"Elias"
16,1,19,"Lydia"
16,1,19,"Lydia"
16,1,19,"Elias"
16,1,19,"Elias"
16,1,19,"Lydia"
16,1,19,"Elias"
16,1,19,"Elias"
16,1,19,"Lydia"
16,1,19,"Lydia"
16,1,19,"Elias"
16,1,19,"Elias"
16,1,19,"Lydia"
16,1,19,"Elias"
16,1,19,"Lydia"
16,1,19,"Lydia"
16,1,19,"Elias"
16,1,19,"Elias"
16,1,19,"Elias"
16,1,19,"Lydia"
16,1,19,"Elias"
17,1,19,"Elias"
17,1,19,"Lydia"
17,1,19,"Lydia"
17,1,19,"Elias"
18,1,19,"Lydia"
18,1,19,"Lydia"
19,1,19,"Elias"
19,1,19,"Elias"
19,1,19,"Lydia"
19,1,19,"Elias"
19,1,19,"Elias"
19,1,19,"Lydia"
19,1,19,"Lydia"
22,1,19,"Elias"
22,1,19,"Elias"
22,1,19,"Elias"
22,1,19,"Elias"
29,1,19,"Elias"
2,2,19,"Lydia"
3,2,19,"Elias"
3,2,19,"Elias"
3,2,19,"Lydia"
3,2,19,"Elias"
3,2,19,"Elias"
3,2,19,"Elias"
3,2,19,"Elias"
6,2,19,"Lydia"
6,2,19,"Lydia"
6,2,19,"Elias"
6,2,19,"Elias"
6,2,19,"Elias"
16,2,19,"Elias"
22,2,19,"Lydia"
22,2,19,"Elias"
23,2,19,"Elias"
8,3,19,"Elias"
8,3,19,"Elias"
21,3,19,"Elias"
24,3,19,"Lydia"
24,3,19,"Lydia"
24,3,19,"Lydia"
24,3,19,"Lydia"
25,3,19,"Elias"
25,3,19,"Elias"
25,3,19,"Elias"
30,3,19,"Elias"
1,4,19,"Lydia"
1,4,19,"Elias"
1,4,19,"Elias"
1,4,19,"Elias"
1,4,19,"Lydia"
1,4,19,"Lydia"
1,4,19,"Elias"
1,4,19,"Lydia"
1,4,19,"Elias"
1,4,19,"Lydia"
1,4,19,"Lydia"
1,4,19,"Elias"
1,4,19,"Lydia"
1,4,19,"Lydia"
1,4,19,"Elias"
1,4,19,"Elias"
1,4,19,"Lydia"
1,4,19,"Elias"
2,4,19,"Lydia"
2,4,19,"Elias"
10,4,19,"Elias"
16,4,19,"Lydia"
17,4,19,"Elias"
17,4,19,"Elias"
17,4,19,"Elias"
17,4,19,"Elias"
17,4,19,"Elias"
17,4,19,"Elias"
17,4,19,"Elias"
17,4,19,"Elias"
20,4,19,"Lydia"
21,4,19,"Elias"
21,4,19,"Elias"
21,4,19,"Elias"
21,4,19,"Elias"
25,4,19,"Elias"
29,4,19,"Elias"
30,4,19,"Lydia"
30,4,19,"Elias"
30,4,19,"Elias"
1,5,19,"Lydia"
1,5,19,"Lydia"
1,5,19,"Lydia"
2,5,19,"Elias"
2,5,19,"Elias"
2,5,19,"Elias"
5,5,19,"Elias"
5,5,19,"Lydia"
5,5,19,"Elias"
5,5,19,"Lydia"
5,5,19,"Lydia"
5,5,19,"Elias"
5,5,19,"Lydia"
5,5,19,"Elias"
5,5,19,"Elias"
7,5,19,"Elias"
7,5,19,"Lydia"
7,5,19,"Lydia"
7,5,19,"Lydia"
7,5,19,"Elias"
8,5,19,"Elias"
8,5,19,"Lydia"
8,5,19,"Lydia"
8,5,19,"Elias"
8,5,19,"Elias"
8,5,19,"Elias"
8,5,19,"Elias"
8,5,19,"Lydia"
8,5,19,"Lydia"
8,5,19,"Elias"
8,5,19,"Elias"
8,5,19,"Lydia"
8,5,19,"Lydia"
8,5,19,"Elias"
8,5,19,"Elias"
9,5,19,"Lydia"
9,5,19,"Lydia"
9,5,19,"Elias"
9,5,19,"Lydia"
9,5,19,"Elias"
9,5,19,"Elias"
11,5,19,"Lydia"
11,5,19,"Lydia"
11,5,19,"Elias"
11,5,19,"Elias"
11,5,19,"Lydia"
11,5,19,"Elias"
11,5,19,"Elias"
11,5,19,"Elias"
11,5,19,"Elias"
11,5,19,"Elias"
11,5,19,"Elias"
11,5,19,"Lydia"
11,5,19,"Lydia"
11,5,19,"Lydia"
11,5,19,"Elias"
12,5,19,"Elias"
13,5,19,"Lydia"
13,5,19,"Elias"
16,5,19,"Lydia"
18,5,19,"Elias"
27,5,19,"Elias"
30,5,19,"Lydia"
30,5,19,"Lydia"
30,5,19,"Elias"
31,5,19,"Lydia"
1,6,19,"Elias"
1,6,19,"Elias"
1,6,19,"Lydia"
1,6,19,"Elias"
1,6,19,"Elias"
1,6,19,"Lydia"
1,6,19,"Lydia"
1,6,19,"Elias"
1,6,19,"Elias"
1,6,19,"Lydia"
1,6,19,"Lydia"
1,6,19,"Elias"
2,6,19,"Elias"
2,6,19,"Lydia"
2,6,19,"Elias"
2,6,19,"Elias"
2,6,19,"Lydia"
2,6,19,"Elias"
2,6,19,"Lydia"
2,6,19,"Elias"
2,6,19,"Lydia"
2,6,19,"Lydia"
3,6,19,"Lydia"
3,6,19,"Lydia"
3,6,19,"Elias"
3,6,19,"Lydia"
3,6,19,"Lydia"
3,6,19,"Lydia"
3,6,19,"Lydia"
3,6,19,"Elias"
3,6,19,"Elias"
3,6,19,"Lydia"
3,6,19,"Lydia"
3,6,19,"Elias"
3,6,19,"Lydia"
3,6,19,"Elias"
4,6,19,"Lydia"
4,6,19,"Elias"
5,6,19,"Elias"
5,6,19,"Lydia"
5,6,19,"Lydia"
6,6,19,"Elias"
8,6,19,"Elias"
8,6,19,"Elias"
11,6,19,"Lydia"
11,6,19,"Elias"
12,6,19,"Elias"
14,6,19,"Elias"
15,6,19,"Lydia"
15,6,19,"Elias"
15,6,19,"Elias"
15,6,19,"Lydia"
15,6,19,"Lydia"
15,6,19,"Elias"
15,6,19,"Elias"
15,6,19,"Lydia"
15,6,19,"Lydia"
17,6,19,"Elias"
17,6,19,"Elias"
17,6,19,"Elias"
17,6,19,"Lydia"
17,6,19,"Lydia"
17,6,19,"Lydia"
17,6,19,"Lydia"
17,6,19,"Elias"
17,6,19,"Elias"
17,6,19,"Lydia"
17,6,19,"Elias"
17,6,19,"Lydia"
17,6,19,"Lydia"
17,6,19,"Lydia"
17,6,19,"Elias"
17,6,19,"Elias"
17,6,19,"Lydia"
17,6,19,"Lydia"
17,6,19,"Elias"
17,6,19,"Lydia"
17,6,19,"Elias"
17,6,19,"Elias"
17,6,19,"Lydia"
17,6,19,"Lydia"
17,6,19,"Lydia"
17,6,19,"Lydia"
17,6,19,"Elias"
17,6,19,"Elias"
18,6,19,"Lydia"
18,6,19,"Lydia"
18,6,19,"Elias"
18,6,19,"Elias"
18,6,19,"Lydia"
18,6,19,"Lydia"
18,6,19,"Elias"
18,6,19,"Lydia"
18,6,19,"Elias"
18,6,19,"Lydia"
18,6,19,"Lydia"
18,6,19,"Lydia"
18,6,19,"Lydia"
18,6,19,"Elias"
18,6,19,"Lydia"
18,6,19,"Elias"
18,6,19,"Lydia"
18,6,19,"Lydia"
18,6,19,"Elias"
18,6,19,"Elias"
19,6,19,"Lydia"
19,6,19,"Elias"
19,6,19,"Lydia"
19,6,19,"Elias"
19,6,19,"Elias"
25,6,19,"Lydia"
25,6,19,"Elias"
25,6,19,"Elias"
25,6,19,"Lydia"
25,6,19,"Lydia"
25,6,19,"Lydia"
25,6,19,"Elias"
25,6,19,"Elias"
25,6,19,"Lydia"
25,6,19,"Lydia"
25,6,19,"Elias"
25,6,19,"Lydia"
25,6,19,"Lydia"
25,6,19,"Lydia"
25,6,19,"Lydia"
25,6,19,"Elias"
25,6,19,"Elias"
25,6,19,"Lydia"
25,6,19,"Lydia"
25,6,19,"Lydia"
25,6,19,"Lydia"
25,6,19,"Lydia"
25,6,19,"Elias"
27,6,19,"Elias"
28,6,19,"Lydia"
28,6,19,"Elias"
28,6,19,"Lydia"
28,6,19,"Lydia"
28,6,19,"Lydia"
28,6,19,"Lydia"
28,6,19,"Elias"
28,6,19,"Lydia"
28,6,19,"Lydia"
29,6,19,"Lydia"
29,6,19,"Lydia"
29,6,19,"Lydia"
29,6,19,"Elias"
29,6,19,"Elias"
29,6,19,"Elias"
29,6,19,"Elias"
29,6,19,"Elias"
29,6,19,"Lydia"
29,6,19,"Lydia"
29,6,19,"Elias"
29,6,19,"Lydia"
29,6,19,"Lydia"
29,6,19,"Lydia"
30,6,19,"Elias"
30,6,19,"Elias"
1,7,19,"Lydia"
1,7,19,"Lydia"
1,7,19,"Lydia"
1,7,19,"Lydia"
1,7,19,"Lydia"
1,7,19,"Elias"
1,7,19,"Elias"
1,7,19,"Lydia"
1,7,19,"Elias"
2,7,19,"Lydia"
2,7,19,"Lydia"
2,7,19,"Elias"
2,7,19,"Elias"
3,7,19,"Elias"
3,7,19,"Lydia"
3,7,19,"Elias"
3,7,19,"Elias"
3,7,19,"Lydia"
3,7,19,"Elias"
3,7,19,"Elias"
3,7,19,"Elias"
4,7,19,"Elias"
4,7,19,"Elias"
7,7,19,"Lydia"
8,7,19,"Elias"
8,7,19,"Elias"
9,7,19,"Elias"
9,7,19,"Elias"
9,7,19,"Lydia"
9,7,19,"Lydia"
9,7,19,"Elias"
9,7,19,"Elias"
9,7,19,"Lydia"
9,7,19,"Lydia"
12,7,19,"Elias"
12,7,19,"Elias"
12,7,19,"Elias"
23,7,19,"Lydia"
23,7,19,"Lydia"
23,7,19,"Elias"
23,7,19,"Elias"
23,7,19,"Lydia"
23,7,19,"Lydia"
23,7,19,"Elias"
23,7,19,"Lydia"
23,7,19,"Lydia"
23,7,19,"Elias"
23,7,19,"Elias"
23,7,19,"Lydia"
23,7,19,"Lydia"
23,7,19,"Lydia"
23,7,19,"Lydia"
23,7,19,"Elias"
23,7,19,"Lydia"
23,7,19,"Lydia"
23,7,19,"Lydia"
23,7,19,"Elias"
23,7,19,"Lydia"
23,7,19,"Lydia"
23,7,19,"Lydia"
23,7,19,"Elias"
23,7,19,"Lydia"
23,7,19,"Lydia"
23,7,19,"Lydia"
23,7,19,"Lydia"
23,7,19,"Lydia"
23,7,19,"Lydia"
23,7,19,"Elias"
23,7,19,"Lydia"
23,7,19,"Elias"
23,7,19,"Lydia"
23,7,19,"Lydia"
23,7,19,"Lydia"
23,7,19,"Elias"
24,7,19,"Lydia"
24,7,19,"Lydia"
24,7,19,"Lydia"
24,7,19,"Elias"
24,7,19,"Elias"
24,7,19,"Elias"
24,7,19,"Lydia"
24,7,19,"Lydia"
24,7,19,"Lydia"
24,7,19,"Lydia"
24,7,19,"Lydia"
24,7,19,"Elias"
24,7,19,"Elias"
24,7,19,"Lydia"
24,7,19,"Lydia"
24,7,19,"Lydia"
24,7,19,"Elias"
24,7,19,"Lydia"
25,7,19,"Elias"
25,7,19,"Elias"
1,8,19,"Lydia"
2,8,19,"Elias"
2,8,19,"Lydia"
2,8,19,"Lydia"
2,8,19,"Lydia"
2,8,19,"Elias"
2,8,19,"Elias"
2,8,19,"Lydia"
2,8,19,"Elias"
2,8,19,"Elias"
3,8,19,"Lydia"
3,8,19,"Elias"
3,8,19,"Elias"
3,8,19,"Lydia"
3,8,19,"Lydia"
3,8,19,"Elias"
3,8,19,"Lydia"
3,8,19,"Lydia"
3,8,19,"Elias"
3,8,19,"Lydia"
3,8,19,"Elias"
3,8,19,"Elias"
3,8,19,"Lydia"
3,8,19,"Elias"
4,8,19,"Elias"
4,8,19,"Elias"
4,8,19,"Elias"
4,8,19,"Elias"
5,8,19,"Lydia"
5,8,19,"Lydia"
5,8,19,"Lydia"
6,8,19,"Elias"
6,8,19,"Elias"
6,8,19,"Lydia"
7,8,19,"Elias"
7,8,19,"Lydia"
7,8,19,"Lydia"
7,8,19,"Elias"
7,8,19,"Lydia"
7,8,19,"Elias"
7,8,19,"Lydia"
7,8,19,"Elias"
7,8,19,"Lydia"
7,8,19,"Elias"
8,8,19,"Elias"
8,8,19,"Lydia"
8,8,19,"Lydia"
9,8,19,"Elias"
9,8,19,"Elias"
9,8,19,"Elias"
9,8,19,"Lydia"
9,8,19,"Lydia"
9,8,19,"Elias"
9,8,19,"Lydia"
9,8,19,"Lydia"
9,8,19,"Elias"
9,8,19,"Elias"
9,8,19,"Lydia"
9,8,19,"Lydia"
9,8,19,"Lydia"
9,8,19,"Elias"
9,8,19,"Elias"
9,8,19,"Elias"
9,8,19,"Elias"
10,8,19,"Elias"
10,8,19,"Lydia"
10,8,19,"Lydia"
10,8,19,"Lydia"
11,8,19,"Elias"
11,8,19,"Elias"
11,8,19,"Lydia"
11,8,19,"Elias"
11,8,19,"Lydia"
11,8,19,"Elias"
11,8,19,"Elias"
11,8,19,"Elias"
11,8,19,"Elias"
11,8,19,"Elias"
12,8,19,"Lydia"
21,8,19,"Lydia"
21,8,19,"Elias"
21,8,19,"Elias"
21,8,19,"Elias"
21,8,19,"Elias"
21,8,19,"Elias"
21,8,19,"Elias"
22,8,19,"Elias"
22,8,19,"Lydia"
22,8,19,"Elias"
22,8,19,"Elias"
22,8,19,"Lydia"
22,8,19,"Elias"
22,8,19,"Lydia"
22,8,19,"Elias"
23,8,19,"Elias"
23,8,19,"Lydia"
25,8,19,"Elias"
25,8,19,"Elias"
25,8,19,"Lydia"
25,8,19,"Lydia"
25,8,19,"Lydia"
25,8,19,"Lydia"
25,8,19,"Elias"
25,8,19,"Elias"
25,8,19,"Elias"
25,8,19,"Elias"
25,8,19,"Elias"
25,8,19,"Lydia"
25,8,19,"Elias"
25,8,19,"Elias"
25,8,19,"Lydia"
25,8,19,"Elias"
25,8,19,"Elias"
25,8,19,"Lydia"
25,8,19,"Elias"
25,8,19,"Lydia"
25,8,19,"Elias"
25,8,19,"Lydia"
25,8,19,"Elias"
25,8,19,"Elias"
25,8,19,"Elias"
25,8,19,"Lydia"
25,8,19,"Elias"
25,8,19,"Elias"
25,8,19,"Elias"
26,8,19,"Lydia"
26,8,19,"Lydia"
26,8,19,"Elias"
26,8,19,"Elias"
26,8,19,"Lydia"
27,8,19,"Elias"
27,8,19,"Elias"
27,8,19,"Lydia"
27,8,19,"Lydia"
27,8,19,"Elias"
27,8,19,"Elias"
28,8,19,"Elias"
28,8,19,"Lydia"
28,8,19,"Elias"
28,8,19,"Elias"
28,8,19,"Lydia"
28,8,19,"Elias"
28,8,19,"Elias"
28,8,19,"Lydia"
28,8,19,"Lydia"
28,8,19,"Elias"
28,8,19,"Lydia"
28,8,19,"Lydia"
28,8,19,"Elias"
28,8,19,"Elias"
28,8,19,"Lydia"
28,8,19,"Lydia"
28,8,19,"Elias"
28,8,19,"Lydia"
28,8,19,"Elias"
29,8,19,"Lydia"
29,8,19,"Elias"
29,8,19,"Elias"
29,8,19,"Lydia"
29,8,19,"Elias"
29,8,19,"Lydia"
30,8,19,"Elias"
30,8,19,"Lydia"
31,8,19,"Elias"
31,8,19,"Elias"
31,8,19,"Lydia"
31,8,19,"Elias"
31,8,19,"Elias"
31,8,19,"Elias"
31,8,19,"Lydia"
31,8,19,"Elias"
31,8,19,"Elias"
31,8,19,"Lydia"
31,8,19,"Elias"
31,8,19,"Lydia"
31,8,19,"Elias"
31,8,19,"Elias"
31,8,19,"Lydia"
31,8,19,"Lydia"
31,8,19,"Elias"
31,8,19,"Elias"
31,8,19,"Elias"
31,8,19,"Elias"
31,8,19,"Lydia"
31,8,19,"Elias"
31,8,19,"Elias"
31,8,19,"Lydia"
31,8,19,"Elias"
31,8,19,"Lydia"
1,9,19,"Elias"
2,9,19,"Lydia"
2,9,19,"Lydia"
4,9,19,"Elias"
12,9,19,"Elias"
12,9,19,"Lydia"
12,9,19,"Elias"
30,9,19,"Lydia"
30,9,19,"Elias"
1,10,19,"Lydia"
1,10,19,"Lydia"
1,10,19,"Lydia"
1,10,19,"Lydia"
1,10,19,"Lydia"
1,10,19,"Lydia"
1,10,19,"Lydia"
1,10,19,"Lydia"
1,10,19,"Lydia"
1,10,19,"Elias"
1,10,19,"Elias"
1,10,19,"Elias"
1,10,19,"Lydia"
1,10,19,"Lydia"
1,10,19,"Lydia"
1,10,19,"Lydia"
1,10,19,"Lydia"
2,10,19,"Lydia"
2,10,19,"Elias"
2,10,19,"Lydia"
2,10,19,"Lydia"
2,10,19,"Elias"
2,10,19,"Lydia"
2,10,19,"Elias"
2,10,19,"Lydia"
2,10,19,"Lydia"
2,10,19,"Elias"
2,10,19,"Lydia"
2,10,19,"Lydia"
2,10,19,"Elias"
2,10,19,"Lydia"
2,10,19,"Lydia"
2,10,19,"Elias"
2,10,19,"Elias"
2,10,19,"Elias"
2,10,19,"Elias"
2,10,19,"Lydia"
2,10,19,"Lydia"
2,10,19,"Lydia"
2,10,19,"Elias"
2,10,19,"Lydia"
2,10,19,"Lydia"
2,10,19,"Lydia"
2,10,19,"Lydia"
2,10,19,"Lydia"
2,10,19,"Elias"
2,10,19,"Lydia"
2,10,19,"Lydia"
2,10,19,"Lydia"
2,10,19,"Lydia"
2,10,19,"Elias"
2,10,19,"Lydia"
2,10,19,"Lydia"
2,10,19,"Lydia"
2,10,19,"Lydia"
2,10,19,"Lydia"
2,10,19,"Lydia"
2,10,19,"Elias"
2,10,19,"Lydia"
2,10,19,"Lydia"
2,10,19,"Lydia"
2,10,19,"Lydia"
2,10,19,"Lydia"
2,10,19,"Lydia"
2,10,19,"Lydia"
2,10,19,"Lydia"
2,10,19,"Lydia"
2,10,19,"Lydia"
2,10,19,"Lydia"
2,10,19,"Lydia"
2,10,19,"Lydia"
2,10,19,"Lydia"
2,10,19,"Lydia"
2,10,19,"Elias"
2,10,19,"Lydia"
2,10,19,"Lydia"
2,10,19,"Lydia"
2,10,19,"Elias"
2,10,19,"Lydia"
2,10,19,"Lydia"
2,10,19,"Lydia"
2,10,19,"Elias"
2,10,19,"Lydia"
2,10,19,"Elias"
2,10,19,"Lydia"
2,10,19,"Lydia"
2,10,19,"Lydia"
2,10,19,"Elias"
2,10,19,"Elias"
2,10,19,"Lydia"
2,10,19,"Lydia"
2,10,19,"Lydia"
2,10,19,"Lydia"
2,10,19,"Lydia"
2,10,19,"Lydia"
2,10,19,"Lydia"
2,10,19,"Lydia"
2,10,19,"Elias"
2,10,19,"Lydia"
2,10,19,"Elias"
2,10,19,"Lydia"
2,10,19,"Lydia"
2,10,19,"Lydia"
2,10,19,"Lydia"
2,10,19,"Lydia"
2,10,19,"Elias"
2,10,19,"Lydia"
2,10,19,"Elias"
2,10,19,"Lydia"
2,10,19,"Lydia"
2,10,19,"Elias"
2,10,19,"Lydia"
2,10,19,"Lydia"
2,10,19,"Elias"
2,10,19,"Lydia"
2,10,19,"Lydia"
2,10,19,"Lydia"
2,10,19,"Lydia"
2,10,19,"Elias"
2,10,19,"Elias"
2,10,19,"Lydia"
2,10,19,"Elias"
2,10,19,"Lydia"
2,10,19,"Elias"
2,10,19,"Lydia"
2,10,19,"Lydia"
2,10,19,"Lydia"
2,10,19,"Elias"
2,10,19,"Lydia"
2,10,19,"Lydia"
2,10,19,"Elias"
2,10,19,"Lydia"
2,10,19,"Lydia"
2,10,19,"Lydia"
2,10,19,"Elias"
2,10,19,"Elias"
2,10,19,"Lydia"
2,10,19,"Elias"
3,10,19,"Lydia"
4,10,19,"Elias"
4,10,19,"Elias"
4,10,19,"Elias"
4,10,19,"Lydia"
5,10,19,"Elias"
5,10,19,"Lydia"
6,10,19,"Elias"
6,10,19,"Elias"
6,10,19,"Lydia"
6,10,19,"Elias"
6,10,19,"Elias"
6,10,19,"Lydia"
6,10,19,"Elias"
6,10,19,"Lydia"
6,10,19,"Lydia"
6,10,19,"Lydia"
6,10,19,"Elias"
6,10,19,"Lydia"
6,10,19,"Elias"
7,10,19,"Elias"
7,10,19,"Elias"
7,10,19,"Lydia"
8,10,19,"Elias"
8,10,19,"Elias"
10,10,19,"Elias"
11,10,19,"Lydia"
11,10,19,"Lydia"
11,10,19,"Lydia"
11,10,19,"Lydia"
16,10,19,"Lydia"
16,10,19,"Elias"
16,10,19,"Lydia"
16,10,19,"Lydia"
16,10,19,"Elias"
16,10,19,"Elias"
16,10,19,"Lydia"
16,10,19,"Lydia"
16,10,19,"Elias"
16,10,19,"Lydia"
16,10,19,"Elias"
17,10,19,"Lydia"
17,10,19,"Elias"
17,10,19,"Lydia"
17,10,19,"Lydia"
17,10,19,"Elias"
17,10,19,"Lydia"
17,10,19,"Elias"
17,10,19,"Lydia"
17,10,19,"Lydia"
17,10,19,"Elias"
17,10,19,"Elias"
17,10,19,"Lydia"
18,10,19,"Elias"
18,10,19,"Elias"
1,11,19,"Elias"
5,11,19,"Elias"
13,11,19,"Lydia"
13,11,19,"Lydia"
13,11,19,"Lydia"
13,11,19,"Lydia"
13,11,19,"Lydia"
13,11,19,"Lydia"
14,11,19,"Elias"
14,11,19,"Elias"
14,11,19,"Lydia"
14,11,19,"Elias"
15,11,19,"Lydia"
15,11,19,"Lydia"
15,11,19,"Elias"
15,11,19,"Elias"
17,11,19,"Lydia"
17,11,19,"Elias"
17,11,19,"Elias"
17,11,19,"Lydia"
17,11,19,"Lydia"
17,11,19,"Elias"
17,11,19,"Elias"
18,11,19,"Lydia"
25,11,19,"Lydia"
25,11,19,"Elias"
25,11,19,"Lydia"
25,11,19,"Elias"
25,11,19,"Lydia"
28,11,19,"Elias"
30,11,19,"Lydia"
30,11,19,"Elias"
30,11,19,"Lydia"
5,12,19,"Elias"
6,12,19,"Lydia"
6,12,19,"Elias"
8,12,19,"Lydia"
8,12,19,"Elias"
10,12,19,"Elias"
10,12,19,"Lydia"
11,12,19,"Elias"
15,12,19,"Elias"
15,12,19,"Lydia"
16,12,19,"Elias"
16,12,19,"Elias"
16,12,19,"Elias"
16,12,19,"Lydia"
16,12,19,"Elias"
16,12,19,"Elias"
17,12,19,"Lydia"
17,12,19,"Lydia"
17,12,19,"Lydia"
17,12,19,"Elias"
17,12,19,"Lydia"
17,12,19,"Elias"
17,12,19,"Elias"
18,12,19,"Elias"
18,12,19,"Elias"
18,12,19,"Lydia"
18,12,19,"Lydia"
18,12,19,"Elias"
18,12,19,"Lydia"
18,12,19,"Lydia"
18,12,19,"Elias"
18,12,19,"Lydia"
18,12,19,"Lydia"
18,12,19,"Elias"
18,12,19,"Elias"
18,12,19,"Elias"
18,12,19,"Elias"
19,12,19,"Elias"
19,12,19,"Elias"
19,12,19,"Lydia"
19,12,19,"Lydia"
19,12,19,"Lydia"
19,12,19,"Elias"
19,12,19,"Lydia"
19,12,19,"Elias"
19,12,19,"Lydia"
19,12,19,"Elias"
19,12,19,"Lydia"
19,12,19,"Lydia"
19,12,19,"Elias"
19,12,19,"Elias"
19,12,19,"Lydia"
20,12,19,"Elias"
20,12,19,"Lydia"
21,12,19,"Elias"
21,12,19,"Lydia"
21,12,19,"Lydia"
21,12,19,"Elias"
21,12,19,"Lydia"
21,12,19,"Elias"
21,12,19,"Elias"
21,12,19,"Lydia"
21,12,19,"Elias"
21,12,19,"Elias"
21,12,19,"Elias"
22,12,19,"Lydia"
22,12,19,"Elias"
23,12,19,"Lydia"
23,12,19,"Elias"
23,12,19,"Lydia"
23,12,19,"Elias"
23,12,19,"Lydia"
23,12,19,"Lydia"
23,12,19,"Lydia"
23,12,19,"Elias"
23,12,19,"Elias"
23,12,19,"Lydia"
23,12,19,"Elias"
23,12,19,"Elias"
23,12,19,"Lydia"
23,12,19,"Lydia"
23,12,19,"Lydia"
23,12,19,"Elias"
23,12,19,"Elias"
23,12,19,"Lydia"
23,12,19,"Lydia"
23,12,19,"Lydia"
23,12,19,"Elias"
23,12,19,"Elias"
23,12,19,"Elias"
23,12,19,"Lydia"
23,12,19,"Lydia"
23,12,19,"Lydia"
23,12,19,"Elias"
23,12,19,"Elias"
24,12,19,"Lydia"
24,12,19,"Elias"
24,12,19,"Lydia"
24,12,19,"Lydia"
24,12,19,"Elias"
24,12,19,"Elias"
24,12,19,"Lydia"
24,12,19,"Elias"
24,12,19,"Lydia"
24,12,19,"Lydia"
24,12,19,"Lydia"
24,12,19,"Elias"
25,12,19,"Elias"
25,12,19,"Lydia"
25,12,19,"Lydia"
25,12,19,"Elias"
25,12,19,"Elias"
25,12,19,"Lydia"
25,12,19,"Lydia"
25,12,19,"Elias"
25,12,19,"Elias"
25,12,19,"Lydia"
25,12,19,"Lydia"
25,12,19,"Lydia"
25,12,19,"Lydia"
25,12,19,"Lydia"
26,12,19,"Elias"
27,12,19,"Elias"
27,12,19,"Lydia"
27,12,19,"Lydia"
27,12,19,"Elias"
29,12,19,"Elias"
29,12,19,"Lydia"
29,12,19,"Lydia"
29,12,19,"Lydia"
29,12,19,"Elias"
29,12,19,"Lydia"
29,12,19,"Lydia"
29,12,19,"Lydia"
29,12,19,"Elias"
29,12,19,"Elias"
29,12,19,"Elias"
30,12,19,"Lydia"
30,12,19,"Elias"
30,12,19,"Elias"
30,12,19,"Lydia"
30,12,19,"Elias"
30,12,19,"Elias"
30,12,19,"Lydia"
30,12,19,"Lydia"
30,12,19,"Lydia"
30,12,19,"Elias"
30,12,19,"Elias"
30,12,19,"Lydia"
30,12,19,"Lydia"
30,12,19,"Lydia"
30,12,19,"Lydia"
30,12,19,"Lydia"
30,12,19,"Lydia"
30,12,19,"Elias"
30,12,19,"Lydia"
30,12,19,"Lydia"
30,12,19,"Elias"
30,12,19,"Elias"
30,12,19,"Elias"
30,12,19,"Lydia"
31,12,19,"Elias"
31,12,19,"Elias"
31,12,19,"Lydia"
1,1,20,"Elias"
5,1,20,"Elias"
8,1,20,"Elias"
14,1,20,"Elias"
14,1,20,"Lydia"
14,1,20,"Lydia"
14,1,20,"Lydia"
14,1,20,"Lydia"
14,1,20,"Elias"
15,1,20,"Lydia"
15,1,20,"Lydia"
15,1,20,"Lydia"
15,1,20,"Lydia"
15,1,20,"Elias"
15,1,20,"Elias"
15,1,20,"Lydia"
15,1,20,"Lydia"
15,1,20,"Lydia"
15,1,20,"Elias"
15,1,20,"Lydia"
15,1,20,"Elias"
15,1,20,"Lydia"
16,1,20,"Elias"
16,1,20,"Elias"
16,1,20,"Lydia"
16,1,20,"Lydia"
16,1,20,"Elias"
16,1,20,"Lydia"
16,1,20,"Lydia"
16,1,20,"Elias"
16,1,20,"Lydia"
16,1,20,"Lydia"
16,1,20,"Lydia"
16,1,20,"Elias"
16,1,20,"Elias"
16,1,20,"Lydia"
16,1,20,"Elias"
16,1,20,"Lydia"
16,1,20,"Elias"
16,1,20,"Elias"
17,1,20,"Lydia"
17,1,20,"Lydia"
17,1,20,"Elias"
17,1,20,"Elias"
17,1,20,"Lydia"
17,1,20,"Lydia"
18,1,20,"Elias"
18,1,20,"Elias"
18,1,20,"Elias"
18,1,20,"Lydia"
18,1,20,"Elias"
20,1,20,"Elias"
20,1,20,"Lydia"
20,1,20,"Lydia"
24,1,20,"Elias"
26,1,20,"Lydia"
26,1,20,"Elias"
26,1,20,"Elias"
26,1,20,"Lydia"
26,1,20,"Elias"
26,1,20,"Elias"
5,2,20,"Elias"
16,2,20,"Elias"
17,2,20,"Lydia"
17,2,20,"Elias"
22,2,20,"Lydia"
22,2,20,"Lydia"
22,2,20,"Elias"
22,2,20,"Lydia"
22,2,20,"Lydia"
22,2,20,"Elias"
22,2,20,"Lydia"
22,2,20,"Elias"
22,2,20,"Lydia"
22,2,20,"Lydia"
22,2,20,"Elias"
22,2,20,"Elias"
16,3,20,"Elias"
21,3,20,"Elias"
26,3,20,"Elias"
28,3,20,"Lydia"
28,3,20,"Lydia"
28,3,20,"Elias"
28,3,20,"Lydia"
28,3,20,"Lydia"
28,3,20,"Elias"
28,3,20,"Elias"
29,3,20,"Elias"
30,3,20,"Lydia"
30,3,20,"Lydia"
30,3,20,"Lydia"
30,3,20,"Lydia"
30,3,20,"Elias"
30,3,20,"Lydia"
30,3,20,"Elias"
30,3,20,"Lydia"
1,4,20,"Elias"
1,4,20,"Elias"
4,4,20,"Elias"
10,4,20,"Lydia"
10,4,20,"Lydia"
10,4,20,"Lydia"
11,4,20,"Elias"
12,4,20,"Lydia"
12,4,20,"Elias"
12,4,20,"Lydia"
13,4,20,"Lydia"
13,4,20,"Lydia"
13,4,20,"Elias"
15,4,20,"Elias"
16,4,20,"Lydia"
16,4,20,"Lydia"
18,4,20,"Elias"
18,4,20,"Lydia"
18,4,20,"Lydia"
18,4,20,"Lydia"
18,4,20,"Elias"
18,4,20,"Elias"
19,4,20,"Lydia"
19,4,20,"Lydia"
19,4,20,"Elias"
20,4,20,"Elias"
20,4,20,"Elias"
20,4,20,"Elias"
21,4,20,"Lydia"
21,4,20,"Lydia"
21,4,20,"Lydia"
21,4,20,"Elias"
21,4,20,"Elias"
21,4,20,"Lydia"
22,4,20,"Elias"
23,4,20,"Lydia"
23,4,20,"Elias"
23,4,20,"Elias"
24,4,20,"Elias"
24,4,20,"Elias"
25,4,20,"Lydia"
25,4,20,"Elias"
25,4,20,"Lydia"
26,4,20,"Elias"
26,4,20,"Lydia"
26,4,20,"Lydia"
26,4,20,"Lydia"
26,4,20,"Elias"
26,4,20,"Lydia"
1,5,20,"Elias"
5,5,20,"Lydia"
5,5,20,"Elias"
6,5,20,"Elias"
6,5,20,"Lydia"
7,5,20,"Elias"
7,5,20,"Elias"
8,5,20,"Lydia"
8,5,20,"Lydia"
8,5,20,"Elias"
8,5,20,"Elias"
8,5,20,"Elias"
8,5,20,"Elias"
13,5,20,"Elias"
14,5,20,"Elias"
20,5,20,"Elias"
20,5,20,"Elias"
22,5,20,"Elias"
26,5,20,"Lydia"
26,5,20,"Elias"
26,5,20,"Elias"
1,6,20,"Elias"
1,6,20,"Lydia"
1,6,20,"Lydia"
1,6,20,"Lydia"
1,6,20,"Elias"
2,6,20,"Elias"
2,6,20,"Lydia"
3,6,20,"Elias"
4,6,20,"Lydia"
4,6,20,"Elias"
4,6,20,"Lydia"
4,6,20,"Elias"
4,6,20,"Elias"
4,6,20,"Lydia"
4,6,20,"Elias"
4,6,20,"Elias"
4,6,20,"Lydia"
6,6,20,"Elias"
12,6,20,"Lydia"
16,6,20,"Elias"
18,6,20,"Elias"
26,6,20,"Lydia"
26,6,20,"Elias"
26,6,20,"Elias"
27,6,20,"Lydia"
27,6,20,"Lydia"
27,6,20,"Lydia"
27,6,20,"Lydia"
27,6,20,"Elias"
27,6,20,"Elias"
27,6,20,"Elias"
29,6,20,"Lydia"
30,6,20,"Elias"
30,6,20,"Lydia"
1,7,20,"Elias"
1,7,20,"Elias"
2,7,20,"Lydia"
2,7,20,"Lydia"
2,7,20,"Lydia"
2,7,20,"Elias"
2,7,20,"Lydia"
3,7,20,"Lydia"
3,7,20,"Elias"
3,7,20,"Elias"
3,7,20,"Lydia"
3,7,20,"Lydia"
3,7,20,"Elias"
3,7,20,"Lydia"
3,7,20,"Elias"
3,7,20,"Lydia"
4,7,20,"Lydia"
4,7,20,"Elias"
4,7,20,"Lydia"
4,7,20,"Elias"
4,7,20,"Elias"
4,7,20,"Elias"
4,7,20,"Lydia"
4,7,20,"Elias"
9,7,20,"Elias"
10,7,20,"Lydia"
10,7,20,"Elias"
10,7,20,"Lydia"
10,7,20,"Elias"
10,7,20,"Lydia"
10,7,20,"Elias"
10,7,20,"Lydia"
11,7,20,"Elias"
11,7,20,"Lydia"
11,7,20,"Lydia"
12,7,20,"Lydia"
12,7,20,"Elias"
12,7,20,"Lydia"
14,7,20,"Elias"
17,7,20,"Lydia"
17,7,20,"Lydia"
17,7,20,"Elias"
17,7,20,"Elias"
17,7,20,"Elias"
17,7,20,"Lydia"
17,7,20,"Elias"
17,7,20,"Lydia"
17,7,20,"Lydia"
17,7,20,"Lydia"
17,7,20,"Lydia"
17,7,20,"Lydia"
17,7,20,"Elias"
17,7,20,"Elias"
17,7,20,"Elias"
22,7,20,"Lydia"
23,7,20,"Elias"
25,7,20,"Elias"
25,7,20,"Elias"
25,7,20,"Lydia"
25,7,20,"Lydia"
25,7,20,"Elias"
25,7,20,"Elias"
26,7,20,"Lydia"
26,7,20,"Lydia"
26,7,20,"Elias"
27,7,20,"Lydia"
28,7,20,"Elias"
28,7,20,"Lydia"
29,7,20,"Elias"
31,7,20,"Lydia"
31,7,20,"Elias"
31,7,20,"Lydia"
5,8,20,"Elias"
5,8,20,"Lydia"
5,8,20,"Elias"
5,8,20,"Elias"
5,8,20,"Lydia"
5,8,20,"Lydia"
5,8,20,"Elias"
5,8,20,"Lydia"
5,8,20,"Elias"
6,8,20,"Lydia"
6,8,20,"Lydia"
7,8,20,"Lydia"
7,8,20,"Elias"
7,8,20,"Elias"
7,8,20,"Elias"
7,8,20,"Lydia"
7,8,20,"Lydia"
7,8,20,"Elias"
7,8,20,"Elias"
7,8,20,"Elias"
7,8,20,"Lydia"
7,8,20,"Lydia"
7,8,20,"Lydia"
7,8,20,"Lydia"
7,8,20,"Elias"
7,8,20,"Elias"
7,8,20,"Elias"
7,8,20,"Lydia"
7,8,20,"Lydia"
7,8,20,"Lydia"
7,8,20,"Elias"
7,8,20,"Elias"
15,8,20,"Lydia"
15,8,20,"Elias"
15,8,20,"Lydia"
15,8,20,"Elias"
15,8,20,"Elias"
15,8,20,"Elias"
15,8,20,"Elias"
15,8,20,"Lydia"
15,8,20,"Lydia"
15,8,20,"Elias"
15,8,20,"Lydia"
15,8,20,"Elias"
15,8,20,"Lydia"
16,8,20,"Elias"
16,8,20,"Elias"
16,8,20,"Lydia"
16,8,20,"Elias"
16,8,20,"Lydia"
16,8,20,"Lydia"
16,8,20,"Elias"
17,8,20,"Elias"
17,8,20,"Lydia"
17,8,20,"Elias"
17,8,20,"Lydia"
17,8,20,"Elias"
17,8,20,"Lydia"
17,8,20,"Elias"
17,8,20,"Elias"
22,8,20,"Elias"
1,9,20,"Lydia"
2,9,20,"Elias"
2,9,20,"Elias"
2,9,20,"Lydia"
3,9,20,"Elias"
7,9,20,"Lydia"
8,9,20,"Elias"
8,9,20,"Elias"
8,9,20,"Lydia"
11,9,20,"Elias"
11,9,20,"Lydia"
11,9,20,"Elias"
11,9,20,"Lydia"
11,9,20,"Lydia"
11,9,20,"Lydia"
11,9,20,"Elias"
13,9,20,"Elias"
13,9,20,"Lydia"
15,9,20,"Elias"
15,9,20,"Lydia"
15,9,20,"Elias"
15,9,20,"Lydia"
15,9,20,"Lydia"
16,9,20,"Elias"
16,9,20,"Lydia"
16,9,20,"Elias"
16,9,20,"Lydia"
16,9,20,"Elias"
16,9,20,"Lydia"
17,9,20,"Lydia"
17,9,20,"Elias"
17,9,20,"Elias"
17,9,20,"Lydia"
17,9,20,"Lydia"
17,9,20,"Elias"
17,9,20,"Elias"
17,9,20,"Lydia"
17,9,20,"Lydia"
17,9,20,"Elias"
18,9,20,"Lydia"
18,9,20,"Elias"
18,9,20,"Lydia"
18,9,20,"Elias"
18,9,20,"Elias"
18,9,20,"Lydia"
18,9,20,"Elias"
18,9,20,"Elias"
18,9,20,"Lydia"
18,9,20,"Lydia"
18,9,20,"Elias"
18,9,20,"Lydia"
19,9,20,"Elias"
19,9,20,"Lydia"
19,9,20,"Elias"
19,9,20,"Lydia"
20,9,20,"Elias"
20,9,20,"Lydia"
20,9,20,"Elias"
20,9,20,"Lydia"
21,9,20,"Lydia"
21,9,20,"Elias"
21,9,20,"Elias"
22,9,20,"Elias"
22,9,20,"Lydia"
22,9,20,"Elias"
22,9,20,"Elias"
22,9,20,"Lydia"
23,9,20,"Elias"
23,9,20,"Elias"
24,9,20,"Lydia"
24,9,20,"Elias"
24,9,20,"Lydia"
24,9,20,"Lydia"
24,9,20,"Elias"
24,9,20,"Elias"
24,9,20,"Lydia"
25,9,20,"Elias"
25,9,20,"Lydia"
25,9,20,"Elias"
25,9,20,"Lydia"
25,9,20,"Elias"
25,9,20,"Lydia"
25,9,20,"Elias"
25,9,20,"Lydia"
26,9,20,"Lydia"
26,9,20,"Elias"
26,9,20,"Elias"
26,9,20,"Lydia"
26,9,20,"Elias"
26,9,20,"Lydia"
26,9,20,"Lydia"
26,9,20,"Elias"
26,9,20,"Elias"
26,9,20,"Lydia"
26,9,20,"Lydia"
26,9,20,"Elias"
26,9,20,"Elias"
26,9,20,"Lydia"
26,9,20,"Lydia"
26,9,20,"Elias"
26,9,20,"Elias"
26,9,20,"Lydia"
26,9,20,"Lydia"
26,9,20,"Elias"
26,9,20,"Elias"
26,9,20,"Lydia"
26,9,20,"Elias"
27,9,20,"Lydia"
27,9,20,"Lydia"
27,9,20,"Elias"
27,9,20,"Lydia"
27,9,20,"Lydia"
27,9,20,"Elias"
27,9,20,"Lydia"
27,9,20,"Elias"
27,9,20,"Lydia"
27,9,20,"Elias"
28,9,20,"Lydia"
28,9,20,"Elias"
28,9,20,"Elias"
28,9,20,"Lydia"
28,9,20,"Lydia"
28,9,20,"Lydia"
28,9,20,"Elias"
28,9,20,"Elias"
29,9,20,"Elias"
29,9,20,"Elias"
29,9,20,"Elias"
29,9,20,"Lydia"
29,9,20,"Elias"
30,9,20,"Lydia"
30,9,20,"Lydia"
30,9,20,"Lydia"
1,10,20,"Lydia"
1,10,20,"Lydia"
1,10,20,"Lydia"
1,10,20,"Lydia"
1,10,20,"Elias"
2,10,20,"Lydia"
2,10,20,"Elias"
2,10,20,"Lydia"
2,10,20,"Elias"
2,10,20,"Lydia"
2,10,20,"Elias"
2,10,20,"Lydia"
2,10,20,"Elias"
2,10,20,"Lydia"
3,10,20,"Lydia"
3,10,20,"Elias"
3,10,20,"Elias"
3,10,20,"Lydia"
3,10,20,"Elias"
3,10,20,"Lydia"
4,10,20,"Elias"
4,10,20,"Elias"
4,10,20,"Elias"
4,10,20,"Elias"
4,10,20,"Lydia"
6,10,20,"Elias"
6,10,20,"Lydia"
6,10,20,"Elias"
8,10,20,"Lydia"
8,10,20,"Lydia"
8,10,20,"Lydia"
8,10,20,"Elias"
8,10,20,"Lydia"
8,10,20,"Lydia"
8,10,20,"Elias"
8,10,20,"Lydia"
8,10,20,"Elias"
8,10,20,"Lydia"
8,10,20,"Lydia"
8,10,20,"Elias"
8,10,20,"Lydia"
8,10,20,"Elias"
8,10,20,"Elias"
8,10,20,"Lydia"
8,10,20,"Lydia"
8,10,20,"Lydia"
8,10,20,"Elias"
8,10,20,"Elias"
8,10,20,"Lydia"
8,10,20,"Elias"
8,10,20,"Lydia"
8,10,20,"Elias"
8,10,20,"Elias"
8,10,20,"Lydia"
8,10,20,"Elias"
8,10,20,"Lydia"
8,10,20,"Lydia"
8,10,20,"Elias"
8,10,20,"Elias"
8,10,20,"Elias"
8,10,20,"Lydia"
8,10,20,"Lydia"
8,10,20,"Elias"
8,10,20,"Elias"
8,10,20,"Lydia"
8,10,20,"Lydia"
8,10,20,"Lydia"
8,10,20,"Elias"
8,10,20,"Elias"
8,10,20,"Lydia"
8,10,20,"Elias"
8,10,20,"Lydia"
8,10,20,"Elias"
8,10,20,"Elias"
8,10,20,"Lydia"
8,10,20,"Lydia"
8,10,20,"Elias"
8,10,20,"Lydia"
8,10,20,"Lydia"
8,10,20,"Elias"
9,10,20,"Elias"
10,10,20,"Lydia"
10,10,20,"Elias"
11,10,20,"Lydia"
11,10,20,"Elias"
14,10,20,"Lydia"
14,10,20,"Lydia"
14,10,20,"Elias"
14,10,20,"Elias"
14,10,20,"Lydia"
14,10,20,"Elias"
14,10,20,"Lydia"
16,10,20,"Elias"
16,10,20,"Elias"
16,10,20,"Lydia"
16,10,20,"Lydia"
17,10,20,"Elias"
17,10,20,"Lydia"
17,10,20,"Lydia"
17,10,20,"Elias"
17,10,20,"Elias"
17,10,20,"Elias"
17,10,20,"Lydia"
17,10,20,"Lydia"
17,10,20,"Lydia"
17,10,20,"Lydia"
17,10,20,"Lydia"
17,10,20,"Lydia"
17,10,20,"Lydia"
17,10,20,"Elias"
17,10,20,"Lydia"
17,10,20,"Elias"
17,10,20,"Lydia"
17,10,20,"Elias"
17,10,20,"Lydia"
19,10,20,"Elias"
19,10,20,"Lydia"
19,10,20,"Lydia"
19,10,20,"Elias"
19,10,20,"Elias"
19,10,20,"Lydia"
19,10,20,"Lydia"
19,10,20,"Elias"
19,10,20,"Lydia"
21,10,20,"Elias"
21,10,20,"Elias"
23,10,20,"Elias"
23,10,20,"Lydia"
23,10,20,"Lydia"
23,10,20,"Lydia"
23,10,20,"Lydia"
23,10,20,"Lydia"
23,10,20,"Lydia"
23,10,20,"Lydia"
23,10,20,"Elias"
25,10,20,"Lydia"
25,10,20,"Lydia"
25,10,20,"Lydia"
26,10,20,"Elias"
26,10,20,"Elias"
26,10,20,"Elias"
29,10,20,"Lydia"
29,10,20,"Elias"
29,10,20,"Elias"
2,11,20,"Lydia"
4,11,20,"Elias"
7,11,20,"Elias"
10,11,20,"Lydia"
11,11,20,"Elias"
11,11,20,"Lydia"
11,11,20,"Lydia"
11,11,20,"Elias"
11,11,20,"Lydia"
11,11,20,"Elias"
11,11,20,"Elias"
11,11,20,"Lydia"
11,11,20,"Lydia"
11,11,20,"Elias"
12,11,20,"Lydia"
13,11,20,"Elias"
16,11,20,"Elias"
17,11,20,"Elias"
18,11,20,"Lydia"
19,11,20,"Elias"
20,11,20,"Elias"
28,11,20,"Elias"
20,12,20,"Elias"
20,12,20,"Lydia"
20,12,20,"Elias"
22,12,20,"Elias"
22,12,20,"Lydia"
22,12,20,"Lydia"
22,12,20,"Lydia"
22,12,20,"Elias"
22,12,20,"Lydia"
22,12,20,"Elias"
22,12,20,"Elias"
23,12,20,"Elias"
23,12,20,"Lydia"
23,12,20,"Elias"
23,12,20,"Lydia"
23,12,20,"Lydia"
23,12,20,"Lydia"
24,12,20,"Elias"
24,12,20,"Elias"
25,12,20,"Elias"
25,12,20,"Elias"
26,12,20,"Lydia"
27,12,20,"Elias"
27,12,20,"Elias"
27,12,20,"Elias"
27,12,20,"Elias"
28,12,20,"Lydia"
28,12,20,"Elias"
28,12,20,"Lydia"
28,12,20,"Elias"
28,12,20,"Elias"
28,12,20,"Elias"
28,12,20,"Elias"
28,12,20,"Lydia"
28,12,20,"Elias"
28,12,20,"Elias"
31,12,20,"Lydia"
31,12,20,"Elias"
31,12,20,"Lydia"
31,12,20,"Lydia"
31,12,20,"Lydia"
1,1,21,"Elias"
1,1,21,"Elias"
1,1,21,"Elias"
1,1,21,"Lydia"
1,1,21,"Elias"
1,1,21,"Elias"
15,1,21,"Elias"
16,1,21,"Elias"
18,1,21,"Lydia"
18,1,21,"Elias"
19,1,21,"Lydia"
22,1,21,"Elias"
29,1,21,"Elias"
19,2,21,"Lydia"
21,2,21,"Elias"
22,2,21,"Lydia"
22,2,21,"Lydia"
22,2,21,"Elias"
24,2,21,"Elias"
24,2,21,"Lydia"
25,2,21,"Lydia"
25,2,21,"Lydia"
25,2,21,"Elias"
26,2,21,"Elias"
26,2,21,"Elias"
1,3,21,"Elias"
5,3,21,"Elias"
10,3,21,"Elias"
12,3,21,"Elias"
12,3,21,"Lydia"
12,3,21,"Lydia"
12,3,21,"Lydia"
13,3,21,"Elias"
13,3,21,"Lydia"
13,3,21,"Lydia"
13,3,21,"Lydia"
13,3,21,"Elias"
13,3,21,"Lydia"
14,3,21,"Lydia"
14,3,21,"Lydia"
15,3,21,"Elias"
15,3,21,"Elias"
15,3,21,"Elias"
15,3,21,"Elias"
16,3,21,"Elias"
16,3,21,"Lydia"
16,3,21,"Lydia"
16,3,21,"Lydia"
17,3,21,"Elias"
17,3,21,"Elias"
17,3,21,"Elias"
17,3,21,"Lydia"
17,3,21,"Lydia"
17,3,21,"Lydia"
17,3,21,"Elias"
17,3,21,"Elias"
17,3,21,"Elias"
18,3,21,"Lydia"
19,3,21,"Elias"
19,3,21,"Elias"
19,3,21,"Elias"
19,3,21,"Lydia"
19,3,21,"Lydia"
19,3,21,"Elias"
19,3,21,"Elias"
19,3,21,"Lydia"
19,3,21,"Elias"
19,3,21,"Lydia"
24,3,21,"Elias"
24,3,21,"Lydia"
24,3,21,"Elias"
25,3,21,"Lydia"
25,3,21,"Elias"
25,3,21,"Elias"
26,3,21,"Lydia"
26,3,21,"Lydia"
26,3,21,"Lydia"
26,3,21,"Elias"
26,3,21,"Lydia"
26,3,21,"Elias"
26,3,21,"Elias"
27,3,21,"Elias"
2,4,21,"Lydia"
2,4,21,"Lydia"
2,4,21,"Elias"
4,4,21,"Elias"
5,4,21,"Lydia"
8,5,21,"Lydia"
8,5,21,"Elias"
8,5,21,"Lydia"
8,5,21,"Elias"
8,5,21,"Lydia"
8,5,21,"Lydia"
8,5,21,"Elias"
8,5,21,"Lydia"
12,5,21,"Elias"
12,5,21,"Elias"
12,5,21,"Lydia"
12,5,21,"Elias"
12,5,21,"Elias"
12,5,21,"Lydia"
15,5,21,"Elias"
15,5,21,"Elias"
15,5,21,"Lydia"
15,5,21,"Elias"
15,5,21,"Lydia"
16,5,21,"Lydia"
16,5,21,"Elias"
16,5,21,"Lydia"
18,5,21,"Elias"
18,5,21,"Elias"
18,5,21,"Elias"
19,5,21,"Lydia"
19,5,21,"Lydia"
20,5,21,"Lydia"
20,5,21,"Elias"
24,5,21,"Elias"
27,5,21,"Lydia"
27,5,21,"Elias"
7,6,21,"Lydia"
7,6,21,"Lydia"
9,6,21,"Elias"
10,6,21,"Elias"
14,6,21,"Elias"
16,6,21,"Lydia"
16,6,21,"Elias"
16,6,21,"Lydia"
16,6,21,"Elias"
16,6,21,"Elias"
16,6,21,"Lydia"
16,6,21,"Lydia"
16,6,21,"Elias"
16,6,21,"Lydia"
16,6,21,"Lydia"
16,6,21,"Elias"
16,6,21,"Lydia"
16,6,21,"Elias"
17,6,21,"Elias"
17,6,21,"Lydia"
17,6,21,"Lydia"
17,6,21,"Elias"
17,6,21,"Lydia"
18,6,21,"Elias"
19,6,21,"Elias"
19,6,21,"Lydia"
19,6,21,"Elias"
19,6,21,"Lydia"
19,6,21,"Lydia"
19,6,21,"Elias"
19,6,21,"Elias"
19,6,21,"Lydia"
19,6,21,"Elias"
20,6,21,"Elias"
20,6,21,"Lydia"
20,6,21,"Lydia"
20,6,21,"Elias"
20,6,21,"Lydia"
20,6,21,"Elias"
20,6,21,"Elias"
20,6,21,"Lydia"
23,6,21,"Lydia"
23,6,21,"Elias"
23,6,21,"Lydia"
23,6,21,"Elias"
24,6,21,"Elias"
24,6,21,"Lydia"
24,6,21,"Elias"
24,6,21,"Lydia"
26,6,21,"Elias"
26,6,21,"Lydia"
26,6,21,"Elias"
27,6,21,"Elias"
27,6,21,"Lydia"
27,6,21,"Elias"
28,6,21,"Elias"
29,6,21,"Elias"
29,6,21,"Lydia"
29,6,21,"Lydia"
29,6,21,"Lydia"
29,6,21,"Elias"
29,6,21,"Elias"
29,6,21,"Elias"
29,6,21,"Lydia"
30,6,21,"Elias"
1,7,21,"Elias"
1,7,21,"Lydia"
1,7,21,"Lydia"
4,7,21,"Lydia"
4,7,21,"Elias"
4,7,21,"Lydia"
6,7,21,"Lydia"
6,7,21,"Elias"
6,7,21,"Elias"
6,7,21,"Lydia"
6,7,21,"Lydia"
6,7,21,"Elias"
6,7,21,"Elias"
6,7,21,"Lydia"
6,7,21,"Elias"
6,7,21,"Lydia"
7,7,21,"Lydia"
7,7,21,"Elias"
7,7,21,"Elias"
7,7,21,"Lydia"
7,7,21,"Lydia"
7,7,21,"Elias"
9,7,21,"Elias"
9,7,21,"Elias"
9,7,21,"Elias"
11,7,21,"Elias"
11,7,21,"Lydia"
11,7,21,"Lydia"
11,7,21,"Elias"
11,7,21,"Elias"
11,7,21,"Elias"
11,7,21,"Elias"
11,7,21,"Lydia"
11,7,21,"Lydia"
11,7,21,"Elias"
11,7,21,"Lydia"
11,7,21,"Lydia"
11,7,21,"Elias"
11,7,21,"Lydia"
12,7,21,"Elias"
13,7,21,"Lydia"
13,7,21,"Lydia"
13,7,21,"Elias"
13,7,21,"Elias"
13,7,21,"Lydia"
13,7,21,"Lydia"
13,7,21,"Lydia"
14,7,21,"Elias"
15,7,21,"Elias"
18,7,21,"Lydia"
18,7,21,"Elias"
18,7,21,"Lydia"
19,7,21,"Elias"
19,7,21,"Elias"
21,7,21,"Elias"
21,7,21,"Lydia"
21,7,21,"Elias"
24,7,21,"Elias"
24,7,21,"Lydia"
24,7,21,"Lydia"
24,7,21,"Elias"
24,7,21,"Lydia"
24,7,21,"Elias"
24,7,21,"Lydia"
24,7,21,"Lydia"
24,7,21,"Elias"
24,7,21,"Lydia"
24,7,21,"Elias"
24,7,21,"Lydia"
24,7,21,"Elias"
24,7,21,"Elias"
24,7,21,"Lydia"
25,7,21,"Lydia"
25,7,21,"Elias"
25,7,21,"Lydia"
25,7,21,"Elias"
25,7,21,"Lydia"
28,7,21,"Lydia"
28,7,21,"Lydia"
28,7,21,"Elias"
28,7,21,"Elias"
28,7,21,"Lydia"
28,7,21,"Lydia"
28,7,21,"Lydia"
29,7,21,"Elias"
29,7,21,"Elias"
29,7,21,"Elias"
30,7,21,"Lydia"
30,7,21,"Lydia"
30,7,21,"Elias"
30,7,21,"Lydia"
30,7,21,"Elias"
30,7,21,"Lydia"
30,7,21,"Elias"
30,7,21,"Elias"
30,7,21,"Lydia"
30,7,21,"Lydia"
30,7,21,"Elias"
2,8,21,"Elias"
2,8,21,"Lydia"
2,8,21,"Lydia"
2,8,21,"Lydia"
2,8,21,"Lydia"
2,8,21,"Elias"
2,8,21,"Elias"
2,8,21,"Elias"
2,8,21,"Lydia"
2,8,21,"Elias"
3,8,21,"Elias"
3,8,21,"Elias"
4,8,21,"Lydia"
4,8,21,"Lydia"
4,8,21,"Lydia"
4,8,21,"Lydia"
4,8,21,"Lydia"
4,8,21,"Elias"
4,8,21,"Elias"
4,8,21,"Elias"
5,8,21,"Elias"
6,8,21,"Elias"
6,8,21,"Lydia"
6,8,21,"Lydia"
6,8,21,"Elias"
6,8,21,"Lydia"
7,8,21,"Elias"
7,8,21,"Elias"
11,8,21,"Elias"
15,8,21,"Lydia"
15,8,21,"Lydia"
15,8,21,"Lydia"
15,8,21,"Elias"
15,8,21,"Elias"
15,8,21,"Elias"
15,8,21,"Lydia"
15,8,21,"Lydia"
15,8,21,"Elias"
15,8,21,"Elias"
15,8,21,"Lydia"
16,8,21,"Lydia"
16,8,21,"Elias"
16,8,21,"Elias"
16,8,21,"Lydia"
16,8,21,"Lydia"
16,8,21,"Elias"
16,8,21,"Lydia"
16,8,21,"Elias"
16,8,21,"Lydia"
16,8,21,"Lydia"
16,8,21,"Lydia"
16,8,21,"Elias"
16,8,21,"Lydia"
16,8,21,"Elias"
16,8,21,"Elias"
16,8,21,"Elias"
16,8,21,"Elias"
16,8,21,"Elias"
16,8,21,"Elias"
16,8,21,"Lydia"
16,8,21,"Lydia"
16,8,21,"Lydia"
16,8,21,"Lydia"
16,8,21,"Elias"
16,8,21,"Elias"
16,8,21,"Lydia"
16,8,21,"Elias"
16,8,21,"Elias"
17,8,21,"Lydia"
17,8,21,"Elias"
17,8,21,"Lydia"
17,8,21,"Lydia"
17,8,21,"Lydia"
17,8,21,"Lydia"
17,8,21,"Lydia"
17,8,21,"Elias"
17,8,21,"Lydia"
17,8,21,"Lydia"
17,8,21,"Elias"
17,8,21,"Lydia"
17,8,21,"Elias"
17,8,21,"Lydia"
17,8,21,"Elias"
17,8,21,"Lydia"
17,8,21,"Lydia"
17,8,21,"Lydia"
18,8,21,"Elias"
18,8,21,"Lydia"
18,8,21,"Elias"
18,8,21,"Lydia"
19,8,21,"Elias"
19,8,21,"Lydia"
20,8,21,"Lydia"
20,8,21,"Elias"
20,8,21,"Lydia"
20,8,21,"Elias"
20,8,21,"Elias"
20,8,21,"Lydia"
20,8,21,"Lydia"
20,8,21,"Elias"
20,8,21,"Elias"
20,8,21,"Elias"
20,8,21,"Elias"
20,8,21,"Elias"
20,8,21,"Lydia"
20,8,21,"Lydia"
20,8,21,"Lydia"
20,8,21,"Lydia"
20,8,21,"Elias"
20,8,21,"Elias"
20,8,21,"Elias"
20,8,21,"Elias"
20,8,21,"Lydia"
20,8,21,"Lydia"
20,8,21,"Elias"
20,8,21,"Lydia"
20,8,21,"Elias"
20,8,21,"Elias"
20,8,21,"Lydia"
20,8,21,"Lydia"
21,8,21,"Elias"
21,8,21,"Lydia"
21,8,21,"Lydia"
21,8,21,"Elias"
21,8,21,"Elias"
21,8,21,"Elias"
21,8,21,"Lydia"
21,8,21,"Lydia"
21,8,21,"Elias"
21,8,21,"Elias"
21,8,21,"Elias"
21,8,21,"Elias"
21,8,21,"Lydia"
21,8,21,"Lydia"
21,8,21,"Lydia"
21,8,21,"Elias"
21,8,21,"Lydia"
21,8,21,"Lydia"
21,8,21,"Elias"
21,8,21,"Elias"
21,8,21,"Lydia"
21,8,21,"Lydia"
21,8,21,"Elias"
21,8,21,"Lydia"
21,8,21,"Lydia"
21,8,21,"Elias"
21,8,21,"Elias"
21,8,21,"Lydia"
21,8,21,"Lydia"
21,8,21,"Elias"
21,8,21,"Elias"
21,8,21,"Lydia"
22,8,21,"Elias"
22,8,21,"Lydia"
22,8,21,"Lydia"
22,8,21,"Lydia"
22,8,21,"Elias"
22,8,21,"Lydia"
22,8,21,"Lydia"
22,8,21,"Lydia"
22,8,21,"Elias"
22,8,21,"Elias"
22,8,21,"Elias"
22,8,21,"Lydia"
22,8,21,"Elias"
22,8,21,"Elias"
22,8,21,"Lydia"
22,8,21,"Lydia"
22,8,21,"Lydia"
22,8,21,"Lydia"
22,8,21,"Elias"
22,8,21,"Elias"
22,8,21,"Lydia"
22,8,21,"Elias"
22,8,21,"Lydia"
22,8,21,"Elias"
22,8,21,"Lydia"
22,8,21,"Lydia"
22,8,21,"Lydia"
22,8,21,"Lydia"
22,8,21,"Elias"
22,8,21,"Elias"
22,8,21,"Elias"
22,8,21,"Lydia"
22,8,21,"Lydia"
22,8,21,"Elias"
22,8,21,"Lydia"
22,8,21,"Elias"
22,8,21,"Lydia"
22,8,21,"Lydia"
22,8,21,"Lydia"
22,8,21,"Elias"
22,8,21,"Elias"
23,8,21,"Lydia"
23,8,21,"Elias"
23,8,21,"Elias"
24,8,21,"Lydia"
24,8,21,"Lydia"
24,8,21,"Lydia"
24,8,21,"Elias"
24,8,21,"Lydia"
24,8,21,"Elias"
24,8,21,"Lydia"
24,8,21,"Lydia"
24,8,21,"Lydia"
24,8,21,"Elias"
24,8,21,"Lydia"
24,8,21,"Lydia"
24,8,21,"Lydia"
26,8,21,"Elias"
26,8,21,"Elias"
26,8,21,"Lydia"
26,8,21,"Elias"
26,8,21,"Elias"
26,8,21,"Elias"
26,8,21,"Lydia"
26,8,21,"Lydia"
26,8,21,"Elias"
26,8,21,"Elias"
26,8,21,"Elias"
26,8,21,"Lydia"
26,8,21,"Elias"
26,8,21,"Elias"
26,8,21,"Elias"
26,8,21,"Elias"
26,8,21,"Lydia"
26,8,21,"Lydia"
26,8,21,"Elias"
26,8,21,"Elias"
26,8,21,"Lydia"
26,8,21,"Lydia"
26,8,21,"Elias"
26,8,21,"Lydia"
26,8,21,"Elias"
26,8,21,"Elias"
26,8,21,"Lydia"
26,8,21,"Lydia"
26,8,21,"Elias"
26,8,21,"Elias"
26,8,21,"Elias"
26,8,21,"Lydia"
26,8,21,"Lydia"
26,8,21,"Lydia"
26,8,21,"Elias"
26,8,21,"Elias"
26,8,21,"Lydia"
26,8,21,"Lydia"
26,8,21,"Elias"
27,8,21,"Elias"
27,8,21,"Lydia"
27,8,21,"Lydia"
27,8,21,"Lydia"
27,8,21,"Elias"
27,8,21,"Elias"
27,8,21,"Elias"
27,8,21,"Elias"
27,8,21,"Lydia"
27,8,21,"Lydia"
27,8,21,"Elias"
27,8,21,"Elias"
27,8,21,"Lydia"
27,8,21,"Lydia"
27,8,21,"Elias"
27,8,21,"Elias"
28,8,21,"Elias"
28,8,21,"Elias"
28,8,21,"Lydia"
28,8,21,"Elias"
28,8,21,"Elias"
28,8,21,"Elias"
28,8,21,"Elias"
28,8,21,"Elias"
28,8,21,"Lydia"
28,8,21,"Elias"
28,8,21,"Elias"
28,8,21,"Elias"
28,8,21,"Elias"
28,8,21,"Elias"
28,8,21,"Lydia"
28,8,21,"Lydia"
28,8,21,"Elias"
28,8,21,"Elias"
28,8,21,"Elias"
28,8,21,"Elias"
28,8,21,"Elias"
28,8,21,"Elias"
28,8,21,"Lydia"
28,8,21,"Elias"
28,8,21,"Elias"
28,8,21,"Elias"
28,8,21,"Lydia"
28,8,21,"Lydia"
29,8,21,"Lydia"
29,8,21,"Lydia"
29,8,21,"Lydia"
29,8,21,"Elias"
29,8,21,"Elias"
29,8,21,"Lydia"
29,8,21,"Elias"
29,8,21,"Lydia"
29,8,21,"Lydia"
29,8,21,"Elias"
29,8,21,"Elias"
29,8,21,"Lydia"
29,8,21,"Lydia"
29,8,21,"Elias"
29,8,21,"Elias"
29,8,21,"Elias"
29,8,21,"Elias"
29,8,21,"Elias"
29,8,21,"Lydia"
29,8,21,"Lydia"
29,8,21,"Lydia"
29,8,21,"Elias"
29,8,21,"Lydia"
29,8,21,"Lydia"
29,8,21,"Lydia"
29,8,21,"Lydia"
29,8,21,"Elias"
29,8,21,"Elias"
29,8,21,"Elias"
29,8,21,"Lydia"
29,8,21,"Lydia"
29,8,21,"Lydia"
29,8,21,"Elias"
29,8,21,"Elias"
29,8,21,"Lydia"
29,8,21,"Elias"
29,8,21,"Lydia"
29,8,21,"Elias"
29,8,21,"Elias"
29,8,21,"Lydia"
29,8,21,"Lydia"
30,8,21,"Lydia"
30,8,21,"Elias"
30,8,21,"Lydia"
30,8,21,"Lydia"
30,8,21,"Elias"
31,8,21,"Lydia"
31,8,21,"Lydia"
31,8,21,"Lydia"
31,8,21,"Lydia"
31,8,21,"Lydia"
31,8,21,"Elias"
31,8,21,"Elias"
31,8,21,"Lydia"
31,8,21,"Elias"
31,8,21,"Elias"
31,8,21,"Elias"
31,8,21,"Elias"
31,8,21,"Lydia"
31,8,21,"Lydia"
31,8,21,"Lydia"
31,8,21,"Lydia"
31,8,21,"Lydia"
31,8,21,"Elias"
31,8,21,"Elias"
31,8,21,"Elias"
31,8,21,"Elias"
31,8,21,"Lydia"
31,8,21,"Elias"
31,8,21,"Lydia"
31,8,21,"Lydia"
31,8,21,"Lydia"
31,8,21,"Elias"
31,8,21,"Elias"
31,8,21,"Elias"
31,8,21,"Lydia"
31,8,21,"Elias"
31,8,21,"Lydia"
31,8,21,"Lydia"
31,8,21,"Elias"
31,8,21,"Elias"
31,8,21,"Lydia"
31,8,21,"Elias"
31,8,21,"Lydia"
31,8,21,"Lydia"
31,8,21,"Lydia"
31,8,21,"Lydia"
1,9,21,"Lydia"
1,9,21,"Elias"
1,9,21,"Elias"
1,9,21,"Lydia"
1,9,21,"Lydia"
1,9,21,"Lydia"
1,9,21,"Elias"
1,9,21,"Elias"
1,9,21,"Lydia"
1,9,21,"Lydia"
1,9,21,"Lydia"
1,9,21,"Elias"
1,9,21,"Elias"
1,9,21,"Lydia"
1,9,21,"Lydia"
1,9,21,"Elias"
1,9,21,"Elias"
1,9,21,"Elias"
1,9,21,"Elias"
1,9,21,"Elias"
2,9,21,"Lydia"
2,9,21,"Lydia"
2,9,21,"Lydia"
2,9,21,"Elias"
2,9,21,"Lydia"
2,9,21,"Elias"
2,9,21,"Elias"
2,9,21,"Lydia"
2,9,21,"Elias"
2,9,21,"Lydia"
2,9,21,"Elias"
2,9,21,"Elias"
3,9,21,"Lydia"
3,9,21,"Elias"
3,9,21,"Elias"
3,9,21,"Lydia"
3,9,21,"Lydia"
3,9,21,"Elias"
3,9,21,"Lydia"
3,9,21,"Lydia"
3,9,21,"Lydia"
3,9,21,"Elias"
3,9,21,"Elias"
3,9,21,"Lydia"
3,9,21,"Lydia"
3,9,21,"Elias"
3,9,21,"Lydia"
3,9,21,"Lydia"
3,9,21,"Elias"
3,9,21,"Elias"
3,9,21,"Lydia"
3,9,21,"Elias"
3,9,21,"Lydia"
3,9,21,"Lydia"
3,9,21,"Elias"
3,9,21,"Lydia"
4,9,21,"Elias"
4,9,21,"Elias"
4,9,21,"Lydia"
4,9,21,"Lydia"
4,9,21,"Elias"
4,9,21,"Elias"
4,9,21,"Lydia"
4,9,21,"Lydia"
4,9,21,"Elias"
4,9,21,"Lydia"
4,9,21,"Elias"
5,9,21,"Lydia"
5,9,21,"Elias"
5,9,21,"Lydia"
5,9,21,"Elias"
5,9,21,"Lydia"
5,9,21,"Elias"
5,9,21,"Elias"
5,9,21,"Elias"
5,9,21,"Lydia"
5,9,21,"Elias"
5,9,21,"Lydia"
5,9,21,"Lydia"
5,9,21,"Lydia"
5,9,21,"Lydia"
5,9,21,"Lydia"
5,9,21,"Elias"
5,9,21,"Elias"
5,9,21,"Elias"
5,9,21,"Lydia"
5,9,21,"Lydia"
5,9,21,"Lydia"
6,9,21,"Elias"
6,9,21,"Elias"
6,9,21,"Elias"
6,9,21,"Lydia"
6,9,21,"Lydia"
6,9,21,"Lydia"
6,9,21,"Elias"
6,9,21,"Elias"
6,9,21,"Lydia"
6,9,21,"Elias"
6,9,21,"Elias"
7,9,21,"Lydia"
7,9,21,"Elias"
7,9,21,"Elias"
7,9,21,"Lydia"
7,9,21,"Lydia"
7,9,21,"Elias"
7,9,21,"Elias"
7,9,21,"Elias"
7,9,21,"Lydia"
8,9,21,"Elias"
8,9,21,"Elias"
8,9,21,"Lydia"
8,9,21,"Lydia"
8,9,21,"Elias"
8,9,21,"Lydia"
8,9,21,"Elias"
8,9,21,"Lydia"
8,9,21,"Lydia"
8,9,21,"Elias"
8,9,21,"Elias"
8,9,21,"Lydia"
9,9,21,"Elias"
9,9,21,"Lydia"
9,9,21,"Lydia"
9,9,21,"Elias"
9,9,21,"Elias"
9,9,21,"Elias"
9,9,21,"Lydia"
9,9,21,"Lydia"
9,9,21,"Elias"
9,9,21,"Lydia"
10,9,21,"Elias"
10,9,21,"Elias"
10,9,21,"Elias"
10,9,21,"Lydia"
10,9,21,"Lydia"
10,9,21,"Elias"
10,9,21,"Lydia"
10,9,21,"Lydia"
10,9,21,"Elias"
10,9,21,"Elias"
10,9,21,"Elias"
10,9,21,"Lydia"
10,9,21,"Elias"
10,9,21,"Lydia"
10,9,21,"Lydia"
10,9,21,"Elias"
10,9,21,"Lydia"
10,9,21,"Elias"
10,9,21,"Lydia"
10,9,21,"Elias"
10,9,21,"Lydia"
10,9,21,"Lydia"
10,9,21,"Elias"
10,9,21,"Elias"
10,9,21,"Lydia"
10,9,21,"Lydia"
10,9,21,"Lydia"
10,9,21,"Elias"
10,9,21,"Elias"
10,9,21,"Elias"
10,9,21,"Lydia"
10,9,21,"Lydia"
10,9,21,"Lydia"
10,9,21,"Lydia"
10,9,21,"Elias"
10,9,21,"Elias"
10,9,21,"Elias"
10,9,21,"Lydia"
10,9,21,"Lydia"
10,9,21,"Elias"
10,9,21,"Elias"
10,9,21,"Elias"
10,9,21,"Elias"
11,9,21,"Lydia"
11,9,21,"Lydia"
11,9,21,"Lydia"
11,9,21,"Lydia"
11,9,21,"Lydia"
11,9,21,"Elias"
11,9,21,"Elias"
11,9,21,"Elias"
11,9,21,"Elias"
11,9,21,"Lydia"
11,9,21,"Elias"
11,9,21,"Lydia"
11,9,21,"Lydia"
11,9,21,"Elias"
11,9,21,"Elias"
11,9,21,"Lydia"
11,9,21,"Lydia"
12,9,21,"Lydia"
12,9,21,"Elias"
12,9,21,"Lydia"
12,9,21,"Lydia"
12,9,21,"Lydia"
12,9,21,"Elias"
12,9,21,"Elias"
12,9,21,"Elias"
12,9,21,"Lydia"
12,9,21,"Elias"
12,9,21,"Elias"
12,9,21,"Elias"
12,9,21,"Lydia"
12,9,21,"Lydia"
12,9,21,"Elias"
12,9,21,"Lydia"
12,9,21,"Elias"
12,9,21,"Lydia"
12,9,21,"Elias"
12,9,21,"Lydia"
12,9,21,"Elias"
12,9,21,"Elias"
12,9,21,"Lydia"
13,9,21,"Lydia"
13,9,21,"Elias"
13,9,21,"Lydia"
13,9,21,"Elias"
13,9,21,"Elias"
13,9,21,"Elias"
13,9,21,"Lydia"
13,9,21,"Elias"
13,9,21,"Lydia"
13,9,21,"Lydia"
13,9,21,"Elias"
13,9,21,"Elias"
13,9,21,"Elias"
13,9,21,"Lydia"
13,9,21,"Lydia"
13,9,21,"Elias"
13,9,21,"Elias"
13,9,21,"Lydia"
13,9,21,"Lydia"
13,9,21,"Elias"
13,9,21,"Lydia"
15,9,21,"Lydia"
15,9,21,"Elias"
15,9,21,"Lydia"
15,9,21,"Lydia"
15,9,21,"Lydia"
15,9,21,"Lydia"
15,9,21,"Elias"
15,9,21,"Elias"
15,9,21,"Lydia"
15,9,21,"Lydia"
15,9,21,"Lydia"
15,9,21,"Lydia"
15,9,21,"Elias"
15,9,21,"Elias"
15,9,21,"Elias"
15,9,21,"Elias"
15,9,21,"Lydia"
15,9,21,"Lydia"
15,9,21,"Lydia"
15,9,21,"Lydia"
15,9,21,"Lydia"
15,9,21,"Lydia"
15,9,21,"Elias"
15,9,21,"Elias"
15,9,21,"Elias"
15,9,21,"Lydia"
15,9,21,"Lydia"
15,9,21,"Lydia"
15,9,21,"Lydia"
15,9,21,"Lydia"
15,9,21,"Lydia"
15,9,21,"Elias"
15,9,21,"Elias"
15,9,21,"Elias"
16,9,21,"Elias"
16,9,21,"Lydia"
16,9,21,"Lydia"
16,9,21,"Lydia"
16,9,21,"Lydia"
16,9,21,"Lydia"
16,9,21,"Elias"
16,9,21,"Elias"
16,9,21,"Elias"
16,9,21,"Elias"
16,9,21,"Elias"
16,9,21,"Elias"
16,9,21,"Elias"
16,9,21,"Lydia"
16,9,21,"Lydia"
16,9,21,"Lydia"
16,9,21,"Lydia"
16,9,21,"Lydia"
16,9,21,"Lydia"
16,9,21,"Elias"
16,9,21,"Elias"
16,9,21,"Elias"
16,9,21,"Elias"
16,9,21,"Elias"
16,9,21,"Elias"
16,9,21,"Lydia"
16,9,21,"Lydia"
16,9,21,"Lydia"
16,9,21,"Lydia"
16,9,21,"Lydia"
16,9,21,"Lydia"
16,9,21,"Elias"
16,9,21,"Elias"
16,9,21,"Elias"
16,9,21,"Elias"
16,9,21,"Lydia"
16,9,21,"Lydia"
16,9,21,"Elias"
16,9,21,"Elias"
16,9,21,"Elias"
16,9,21,"Lydia"
16,9,21,"Lydia"
17,9,21,"Elias"
17,9,21,"Lydia"
17,9,21,"Lydia"
17,9,21,"Lydia"
17,9,21,"Lydia"
17,9,21,"Elias"
17,9,21,"Elias"
17,9,21,"Elias"
17,9,21,"Lydia"
17,9,21,"Lydia"
17,9,21,"Lydia"
17,9,21,"Lydia"
17,9,21,"Elias"
17,9,21,"Elias"
17,9,21,"Elias"
17,9,21,"Lydia"
17,9,21,"Lydia"
17,9,21,"Lydia"
17,9,21,"Elias"
17,9,21,"Lydia"
17,9,21,"Lydia"
17,9,21,"Elias"
17,9,21,"Lydia"
17,9,21,"Lydia"
19,9,21,"Lydia"
19,9,21,"Lydia"
19,9,21,"Lydia"
19,9,21,"Lydia"
19,9,21,"Lydia"
19,9,21,"Lydia"
19,9,21,"Lydia"
19,9,21,"Lydia"
19,9,21,"Lydia"
19,9,21,"Lydia"
19,9,21,"Lydia"
19,9,21,"Lydia"
19,9,21,"Lydia"
19,9,21,"Lydia"
19,9,21,"Lydia"
19,9,21,"Lydia"
19,9,21,"Elias"
19,9,21,"Elias"
19,9,21,"Elias"
19,9,21,"Elias"
19,9,21,"Lydia"
19,9,21,"Lydia"
19,9,21,"Lydia"
19,9,21,"Lydia"
19,9,21,"Elias"
19,9,21,"Elias"
19,9,21,"Elias"
19,9,21,"Elias"
19,9,21,"Elias"
20,9,21,"Elias"
20,9,21,"Lydia"
20,9,21,"Lydia"
20,9,21,"Lydia"
20,9,21,"Lydia"
20,9,21,"Elias"
20,9,21,"Elias"
20,9,21,"Elias"
20,9,21,"Elias"
20,9,21,"Lydia"
20,9,21,"Lydia"
20,9,21,"Lydia"
20,9,21,"Elias"
20,9,21,"Elias"
20,9,21,"Lydia"
20,9,21,"Lydia"
20,9,21,"Elias"
20,9,21,"Elias"
20,9,21,"Lydia"
20,9,21,"Elias"
20,9,21,"Lydia"
20,9,21,"Lydia"
20,9,21,"Elias"
21,9,21,"Lydia"
21,9,21,"Elias"
21,9,21,"Elias"
21,9,21,"Lydia"
21,9,21,"Lydia"
21,9,21,"Elias"
21,9,21,"Lydia"
21,9,21,"Elias"
21,9,21,"Elias"
21,9,21,"Lydia"
21,9,21,"Lydia"
22,9,21,"Elias"
22,9,21,"Elias"
22,9,21,"Elias"
22,9,21,"Elias"
22,9,21,"Elias"
22,9,21,"Lydia"
22,9,21,"Lydia"
22,9,21,"Lydia"
22,9,21,"Lydia"
22,9,21,"Elias"
22,9,21,"Elias"
22,9,21,"Elias"
22,9,21,"Lydia"
22,9,21,"Lydia"
22,9,21,"Lydia"
22,9,21,"Lydia"
22,9,21,"Elias"
22,9,21,"Elias"
22,9,21,"Lydia"
22,9,21,"Lydia"
22,9,21,"Elias"
22,9,21,"Lydia"
23,9,21,"Elias"
23,9,21,"Lydia"
23,9,21,"Elias"
23,9,21,"Lydia"
23,9,21,"Elias"
23,9,21,"Lydia"
23,9,21,"Lydia"
23,9,21,"Elias"
23,9,21,"Elias"
23,9,21,"Lydia"
23,9,21,"Elias"
23,9,21,"Lydia"
23,9,21,"Elias"
23,9,21,"Lydia"
23,9,21,"Lydia"
23,9,21,"Lydia"
23,9,21,"Elias"
23,9,21,"Elias"
24,9,21,"Lydia"
24,9,21,"Lydia"
24,9,21,"Elias"
24,9,21,"Elias"
24,9,21,"Lydia"
24,9,21,"Elias"
24,9,21,"Lydia"
24,9,21,"Lydia"
24,9,21,"Lydia"
24,9,21,"Lydia"
24,9,21,"Elias"
24,9,21,"Elias"
24,9,21,"Lydia"
24,9,21,"Lydia"
24,9,21,"Lydia"
24,9,21,"Elias"
24,9,21,"Elias"
24,9,21,"Lydia"
25,9,21,"Lydia"
25,9,21,"Elias"
25,9,21,"Elias"
25,9,21,"Lydia"
25,9,21,"Elias"
25,9,21,"Elias"
25,9,21,"Lydia"
25,9,21,"Lydia"
25,9,21,"Lydia"
25,9,21,"Elias"
25,9,21,"Elias"
25,9,21,"Elias"
25,9,21,"Lydia"
25,9,21,"Elias"
25,9,21,"Lydia"
25,9,21,"Elias"
25,9,21,"Elias"
25,9,21,"Lydia"
25,9,21,"Lydia"
25,9,21,"Lydia"
25,9,21,"Elias"
25,9,21,"Elias"
25,9,21,"Elias"
25,9,21,"Lydia"
25,9,21,"Lydia"
25,9,21,"Lydia"
25,9,21,"Lydia"
25,9,21,"Elias"
25,9,21,"Elias"
25,9,21,"Elias"
25,9,21,"Lydia"
25,9,21,"Lydia"
25,9,21,"Elias"
25,9,21,"Lydia"
25,9,21,"Lydia"
25,9,21,"Elias"
25,9,21,"Lydia"
25,9,21,"Lydia"
25,9,21,"Lydia"
25,9,21,"Lydia"
25,9,21,"Lydia"
25,9,21,"Elias"
25,9,21,"Lydia"
25,9,21,"Lydia"
25,9,21,"Elias"
25,9,21,"Elias"
25,9,21,"Elias"
25,9,21,"Lydia"
25,9,21,"Lydia"
26,9,21,"Elias"
26,9,21,"Elias"
26,9,21,"Elias"
26,9,21,"Lydia"
26,9,21,"Lydia"
26,9,21,"Elias"
26,9,21,"Elias"
26,9,21,"Lydia"
26,9,21,"Lydia"
26,9,21,"Lydia"
26,9,21,"Elias"
26,9,21,"Elias"
26,9,21,"Lydia"
26,9,21,"Elias"
26,9,21,"Lydia"
26,9,21,"Elias"
26,9,21,"Elias"
26,9,21,"Lydia"
26,9,21,"Lydia"
26,9,21,"Lydia"
26,9,21,"Elias"
26,9,21,"Lydia"
26,9,21,"Elias"
26,9,21,"Lydia"
26,9,21,"Lydia"
26,9,21,"Elias"
26,9,21,"Elias"
26,9,21,"Elias"
26,9,21,"Lydia"
26,9,21,"Lydia"
26,9,21,"Lydia"
26,9,21,"Lydia"
26,9,21,"Elias"
26,9,21,"Elias"
26,9,21,"Lydia"
26,9,21,"Lydia"
26,9,21,"Lydia"
26,9,21,"Elias"
26,9,21,"Elias"
26,9,21,"Elias"
26,9,21,"Lydia"
26,9,21,"Lydia"
26,9,21,"Elias"
26,9,21,"Elias"
26,9,21,"Elias"
26,9,21,"Lydia"
26,9,21,"Lydia"
26,9,21,"Lydia"
27,9,21,"Elias"
27,9,21,"Elias"
27,9,21,"Elias"
27,9,21,"Lydia"
27,9,21,"Lydia"
27,9,21,"Elias"
27,9,21,"Elias"
27,9,21,"Elias"
27,9,21,"Lydia"
27,9,21,"Lydia"
27,9,21,"Lydia"
27,9,21,"Lydia"
27,9,21,"Lydia"
27,9,21,"Elias"
27,9,21,"Elias"
27,9,21,"Elias"
27,9,21,"Elias"
27,9,21,"Lydia"
27,9,21,"Lydia"
27,9,21,"Elias"
27,9,21,"Elias"
27,9,21,"Lydia"
27,9,21,"Lydia"
27,9,21,"Elias"
27,9,21,"Elias"
27,9,21,"Lydia"
27,9,21,"Elias"
27,9,21,"Lydia"
27,9,21,"Lydia"
27,9,21,"Lydia"
27,9,21,"Elias"
27,9,21,"Elias"
27,9,21,"Elias"
27,9,21,"Lydia"
27,9,21,"Lydia"
27,9,21,"Lydia"
27,9,21,"Elias"
27,9,21,"Elias"
27,9,21,"Elias"
27,9,21,"Elias"
27,9,21,"Lydia"
27,9,21,"Lydia"
27,9,21,"Lydia"
27,9,21,"Lydia"
27,9,21,"Elias"
27,9,21,"Elias"
27,9,21,"Elias"
27,9,21,"Elias"
27,9,21,"Lydia"
27,9,21,"Lydia"
27,9,21,"Lydia"
27,9,21,"Lydia"
28,9,21,"Elias"
28,9,21,"Elias"
28,9,21,"Elias"
28,9,21,"Elias"
28,9,21,"Lydia"
28,9,21,"Lydia"
28,9,21,"Lydia"
28,9,21,"Lydia"
28,9,21,"Elias"
28,9,21,"Elias"
28,9,21,"Elias"
28,9,21,"Elias"
28,9,21,"Lydia"
28,9,21,"Lydia"
28,9,21,"Lydia"
28,9,21,"Elias"
28,9,21,"Elias"
28,9,21,"Elias"
28,9,21,"Lydia"
28,9,21,"Lydia"
28,9,21,"Elias"
28,9,21,"Lydia"
29,9,21,"Elias"
29,9,21,"Lydia"
29,9,21,"Lydia"
29,9,21,"Elias"
29,9,21,"Elias"
29,9,21,"Lydia"
29,9,21,"Lydia"
29,9,21,"Lydia"
29,9,21,"Lydia"
29,9,21,"Elias"
29,9,21,"Elias"
29,9,21,"Lydia"
29,9,21,"Lydia"
29,9,21,"Elias"
29,9,21,"Elias"
29,9,21,"Elias"
29,9,21,"Elias"
29,9,21,"Elias"
29,9,21,"Lydia"
29,9,21,"Lydia"
29,9,21,"Lydia"
29,9,21,"Lydia"
29,9,21,"Lydia"
29,9,21,"Elias"
29,9,21,"Elias"
29,9,21,"Elias"
29,9,21,"Elias"
29,9,21,"Lydia"
29,9,21,"Lydia"
29,9,21,"Lydia"
29,9,21,"Lydia"
29,9,21,"Lydia"
29,9,21,"Lydia"
29,9,21,"Lydia"
29,9,21,"Lydia"
29,9,21,"Lydia"
29,9,21,"Lydia"
29,9,21,"Lydia"
29,9,21,"Lydia"
29,9,21,"Lydia"
29,9,21,"Lydia"
29,9,21,"Lydia"
29,9,21,"Elias"
29,9,21,"Lydia"
29,9,21,"Elias"
29,9,21,"Elias"
29,9,21,"Elias"
29,9,21,"Lydia"
29,9,21,"Lydia"
29,9,21,"Elias"
29,9,21,"Lydia"
29,9,21,"Elias"
29,9,21,"Elias"
29,9,21,"Elias"
29,9,21,"Lydia"
29,9,21,"Lydia"
29,9,21,"Lydia"
30,9,21,"Elias"
30,9,21,"Lydia"
30,9,21,"Elias"
30,9,21,"Lydia"
30,9,21,"Elias"
30,9,21,"Elias"
30,9,21,"Elias"
30,9,21,"Lydia"
30,9,21,"Lydia"
30,9,21,"Lydia"
30,9,21,"Elias"
30,9,21,"Elias"
30,9,21,"Elias"
30,9,21,"Lydia"
30,9,21,"Lydia"
30,9,21,"Lydia"
30,9,21,"Elias"
30,9,21,"Elias"
30,9,21,"Lydia"
30,9,21,"Lydia"
30,9,21,"Elias"
30,9,21,"Elias"
30,9,21,"Elias"
30,9,21,"Lydia"
30,9,21,"Lydia"
30,9,21,"Lydia"
30,9,21,"Elias"
30,9,21,"Elias"
30,9,21,"Elias"
30,9,21,"Lydia"
30,9,21,"Lydia"
30,9,21,"Lydia"
30,9,21,"Lydia"
30,9,21,"Elias"
30,9,21,"Lydia"
30,9,21,"Lydia"
30,9,21,"Elias"
30,9,21,"Elias"
30,9,21,"Elias"
30,9,21,"Elias"
30,9,21,"Lydia"
30,9,21,"Lydia"
30,9,21,"Lydia"
30,9,21,"Elias"
30,9,21,"Elias"
30,9,21,"Lydia"
30,9,21,"Lydia"
30,9,21,"Elias"
30,9,21,"Lydia"
1,10,21,"Elias"
1,10,21,"Lydia"
1,10,21,"Lydia"
1,10,21,"Lydia"
1,10,21,"Elias"
1,10,21,"Elias"
1,10,21,"Lydia"
1,10,21,"Lydia"
1,10,21,"Elias"
1,10,21,"Elias"
1,10,21,"Elias"
1,10,21,"Lydia"
1,10,21,"Lydia"
1,10,21,"Lydia"
1,10,21,"Elias"
1,10,21,"Elias"
1,10,21,"Elias"
1,10,21,"Elias"
1,10,21,"Lydia"
1,10,21,"Lydia"
1,10,21,"Lydia"
1,10,21,"Lydia"
1,10,21,"Elias"
1,10,21,"Elias"
1,10,21,"Elias"
1,10,21,"Elias"
1,10,21,"Lydia"
1,10,21,"Lydia"
1,10,21,"Lydia"
1,10,21,"Lydia"
1,10,21,"Lydia"
1,10,21,"Elias"
1,10,21,"Elias"
1,10,21,"Elias"
1,10,21,"Elias"
1,10,21,"Elias"
1,10,21,"Lydia"
1,10,21,"Lydia"
1,10,21,"Lydia"
1,10,21,"Lydia"
1,10,21,"Lydia"
1,10,21,"Lydia"
1,10,21,"Elias"
1,10,21,"Elias"
1,10,21,"Elias"
1,10,21,"Elias"
1,10,21,"Lydia"
1,10,21,"Lydia"
2,10,21,"Lydia"
2,10,21,"Lydia"
2,10,21,"Elias"
2,10,21,"Elias"
2,10,21,"Elias"
2,10,21,"Elias"
2,10,21,"Elias"
2,10,21,"Lydia"
2,10,21,"Lydia"
2,10,21,"Lydia"
2,10,21,"Lydia"
2,10,21,"Lydia"
2,10,21,"Lydia"
2,10,21,"Lydia"
2,10,21,"Lydia"
2,10,21,"Elias"
2,10,21,"Elias"
2,10,21,"Elias"
2,10,21,"Elias"
2,10,21,"Elias"
2,10,21,"Lydia"
2,10,21,"Lydia"
2,10,21,"Lydia"
2,10,21,"Elias"
2,10,21,"Elias"
2,10,21,"Elias"
2,10,21,"Lydia"
2,10,21,"Lydia"
2,10,21,"Lydia"
2,10,21,"Lydia"
2,10,21,"Elias"
2,10,21,"Elias"
2,10,21,"Lydia"
2,10,21,"Lydia"
2,10,21,"Lydia"
2,10,21,"Elias"
2,10,21,"Lydia"
2,10,21,"Elias"
2,10,21,"Lydia"
2,10,21,"Elias"
2,10,21,"Elias"
2,10,21,"Elias"
2,10,21,"Lydia"
2,10,21,"Lydia"
2,10,21,"Lydia"
3,10,21,"Elias"
3,10,21,"Elias"
3,10,21,"Elias"
3,10,21,"Elias"
3,10,21,"Elias"
3,10,21,"Elias"
3,10,21,"Lydia"
3,10,21,"Elias"
3,10,21,"Elias"
3,10,21,"Lydia"
3,10,21,"Elias"
3,10,21,"Lydia"
3,10,21,"Lydia"
3,10,21,"Lydia"
3,10,21,"Elias"
3,10,21,"Elias"
3,10,21,"Lydia"
3,10,21,"Lydia"
3,10,21,"Lydia"
3,10,21,"Elias"
3,10,21,"Lydia"
3,10,21,"Lydia"
3,10,21,"Elias"
3,10,21,"Elias"
3,10,21,"Lydia"
3,10,21,"Lydia"
3,10,21,"Elias"
3,10,21,"Lydia"
3,10,21,"Elias"
3,10,21,"Lydia"
3,10,21,"Elias"
3,10,21,"Lydia"
3,10,21,"Lydia"
3,10,21,"Elias"
3,10,21,"Lydia"
3,10,21,"Lydia"
3,10,21,"Lydia"
3,10,21,"Elias"
3,10,21,"Lydia"
3,10,21,"Lydia"
3,10,21,"Elias"
3,10,21,"Lydia"
3,10,21,"Lydia"
3,10,21,"Lydia"
3,10,21,"Elias"
3,10,21,"Lydia"
3,10,21,"Elias"
3,10,21,"Lydia"
3,10,21,"Elias"
3,10,21,"Lydia"
3,10,21,"Lydia"
3,10,21,"Elias"
3,10,21,"Elias"
3,10,21,"Elias"
3,10,21,"Lydia"
3,10,21,"Elias"
3,10,21,"Lydia"
3,10,21,"Elias"
3,10,21,"Elias"
3,10,21,"Lydia"
3,10,21,"Lydia"
3,10,21,"Elias"
3,10,21,"Lydia"
3,10,21,"Elias"
3,10,21,"Lydia"
3,10,21,"Elias"
3,10,21,"Elias"
3,10,21,"Lydia"
3,10,21,"Lydia"
3,10,21,"Elias"
3,10,21,"Elias"
3,10,21,"Lydia"
3,10,21,"Elias"
3,10,21,"Lydia"
3,10,21,"Lydia"
3,10,21,"Elias"
3,10,21,"Elias"
3,10,21,"Elias"
3,10,21,"Lydia"
3,10,21,"Lydia"
3,10,21,"Lydia"
3,10,21,"Lydia"
3,10,21,"Lydia"
3,10,21,"Elias"
3,10,21,"Elias"
3,10,21,"Elias"
3,10,21,"Elias"
4,10,21,"Lydia"
4,10,21,"Lydia"
4,10,21,"Lydia"
4,10,21,"Lydia"
4,10,21,"Elias"
4,10,21,"Elias"
4,10,21,"Elias"
4,10,21,"Elias"
4,10,21,"Elias"
4,10,21,"Elias"
4,10,21,"Elias"
4,10,21,"Lydia"
4,10,21,"Lydia"
4,10,21,"Lydia"
4,10,21,"Lydia"
4,10,21,"Lydia"
4,10,21,"Lydia"
5,10,21,"Lydia"
5,10,21,"Elias"
5,10,21,"Elias"
5,10,21,"Elias"
5,10,21,"Elias"
5,10,21,"Elias"
5,10,21,"Elias"
5,10,21,"Elias"
5,10,21,"Lydia"
5,10,21,"Lydia"
5,10,21,"Lydia"
5,10,21,"Lydia"
5,10,21,"Lydia"
5,10,21,"Lydia"
5,10,21,"Elias"
5,10,21,"Elias"
5,10,21,"Elias"
5,10,21,"Elias"
5,10,21,"Elias"
5,10,21,"Lydia"
5,10,21,"Lydia"
5,10,21,"Lydia"
5,10,21,"Lydia"
5,10,21,"Lydia"
5,10,21,"Elias"
5,10,21,"Elias"
5,10,21,"Elias"
5,10,21,"Elias"
5,10,21,"Elias"
5,10,21,"Elias"
5,10,21,"Lydia"
5,10,21,"Lydia"
5,10,21,"Lydia"
5,10,21,"Lydia"
5,10,21,"Lydia"
5,10,21,"Lydia"
5,10,21,"Lydia"
5,10,21,"Elias"
5,10,21,"Elias"
5,10,21,"Elias"
5,10,21,"Elias"
5,10,21,"Elias"
5,10,21,"Elias"
5,10,21,"Lydia"
5,10,21,"Lydia"
5,10,21,"Lydia"
5,10,21,"Elias"
5,10,21,"Elias"
6,10,21,"Elias"
6,10,21,"Lydia"
6,10,21,"Lydia"
6,10,21,"Lydia"
6,10,21,"Lydia"
6,10,21,"Lydia"
6,10,21,"Elias"
6,10,21,"Elias"
6,10,21,"Elias"
6,10,21,"Elias"
6,10,21,"Elias"
6,10,21,"Lydia"
6,10,21,"Lydia"
6,10,21,"Lydia"
6,10,21,"Lydia"
6,10,21,"Lydia"
6,10,21,"Lydia"
6,10,21,"Elias"
6,10,21,"Elias"
6,10,21,"Elias"
6,10,21,"Elias"
6,10,21,"Elias"
6,10,21,"Elias"
6,10,21,"Elias"
6,10,21,"Lydia"
6,10,21,"Lydia"
6,10,21,"Lydia"
6,10,21,"Lydia"
6,10,21,"Lydia"
6,10,21,"Lydia"
6,10,21,"Lydia"
6,10,21,"Lydia"
6,10,21,"Elias"
6,10,21,"Elias"
6,10,21,"Elias"
6,10,21,"Elias"
6,10,21,"Elias"
6,10,21,"Elias"
6,10,21,"Elias"
6,10,21,"Elias"
6,10,21,"Elias"
6,10,21,"Lydia"
6,10,21,"Lydia"
6,10,21,"Lydia"
6,10,21,"Lydia"
6,10,21,"Lydia"
6,10,21,"Elias"
6,10,21,"Elias"
6,10,21,"Elias"
6,10,21,"Elias"
6,10,21,"Elias"
6,10,21,"Lydia"
6,10,21,"Lydia"
6,10,21,"Lydia"
6,10,21,"Lydia"
6,10,21,"Lydia"
6,10,21,"Lydia"
6,10,21,"Lydia"
6,10,21,"Elias"
6,10,21,"Elias"
6,10,21,"Elias"
6,10,21,"Elias"
6,10,21,"Elias"
6,10,21,"Lydia"
6,10,21,"Lydia"
6,10,21,"Lydia"
6,10,21,"Lydia"
6,10,21,"Lydia"
6,10,21,"Lydia"
7,10,21,"Elias"
7,10,21,"Elias"
7,10,21,"Elias"
7,10,21,"Elias"
7,10,21,"Elias"
7,10,21,"Lydia"
7,10,21,"Lydia"
7,10,21,"Lydia"
7,10,21,"Lydia"
7,10,21,"Lydia"
7,10,21,"Lydia"
7,10,21,"Lydia"
7,10,21,"Elias"
7,10,21,"Elias"
7,10,21,"Elias"
7,10,21,"Elias"
7,10,21,"Elias"
7,10,21,"Elias"
7,10,21,"Elias"
7,10,21,"Lydia"
7,10,21,"Lydia"
7,10,21,"Lydia"
7,10,21,"Lydia"
7,10,21,"Lydia"
7,10,21,"Lydia"
7,10,21,"Lydia"
7,10,21,"Elias"
7,10,21,"Elias"
7,10,21,"Elias"
7,10,21,"Elias"
7,10,21,"Elias"
7,10,21,"Lydia"
7,10,21,"Lydia"
7,10,21,"Lydia"
7,10,21,"Lydia"
7,10,21,"Lydia"
7,10,21,"Lydia"
7,10,21,"Elias"
7,10,21,"Elias"
7,10,21,"Elias"
7,10,21,"Elias"
7,10,21,"Elias"
8,10,21,"Lydia"
8,10,21,"Lydia"
8,10,21,"Lydia"
8,10,21,"Lydia"
8,10,21,"Lydia"
8,10,21,"Elias"
8,10,21,"Lydia"
8,10,21,"Lydia"
8,10,21,"Elias"
8,10,21,"Elias"
8,10,21,"Elias"
8,10,21,"Elias"
8,10,21,"Elias"
8,10,21,"Elias"
8,10,21,"Elias"
8,10,21,"Lydia"
8,10,21,"Lydia"
8,10,21,"Lydia"
8,10,21,"Lydia"
8,10,21,"Lydia"
8,10,21,"Lydia"
8,10,21,"Lydia"
8,10,21,"Lydia"
8,10,21,"Elias"
8,10,21,"Elias"
8,10,21,"Elias"
8,10,21,"Elias"
8,10,21,"Elias"
8,10,21,"Elias"
8,10,21,"Elias"
8,10,21,"Elias"
8,10,21,"Lydia"
8,10,21,"Lydia"
8,10,21,"Lydia"
8,10,21,"Lydia"
8,10,21,"Lydia"
8,10,21,"Lydia"
8,10,21,"Lydia"
8,10,21,"Lydia"
8,10,21,"Elias"
8,10,21,"Elias"
8,10,21,"Elias"
8,10,21,"Elias"
8,10,21,"Elias"
8,10,21,"Elias"
8,10,21,"Lydia"
8,10,21,"Lydia"
8,10,21,"Lydia"
8,10,21,"Lydia"
8,10,21,"Lydia"
8,10,21,"Lydia"
8,10,21,"Lydia"
8,10,21,"Elias"
8,10,21,"Elias"
8,10,21,"Elias"
8,10,21,"Elias"
8,10,21,"Elias"
8,10,21,"Elias"
8,10,21,"Lydia"
8,10,21,"Lydia"
8,10,21,"Lydia"
8,10,21,"Lydia"
8,10,21,"Lydia"
8,10,21,"Lydia"
8,10,21,"Lydia"
8,10,21,"Elias"
8,10,21,"Elias"
8,10,21,"Elias"
8,10,21,"Elias"
8,10,21,"Lydia"
8,10,21,"Lydia"
8,10,21,"Elias"
8,10,21,"Elias"
8,10,21,"Lydia"
8,10,21,"Lydia"
8,10,21,"Lydia"
8,10,21,"Lydia"
8,10,21,"Lydia"
8,10,21,"Elias"
8,10,21,"Elias"
8,10,21,"Lydia"
8,10,21,"Elias"
8,10,21,"Lydia"
8,10,21,"Lydia"
8,10,21,"Lydia"
8,10,21,"Lydia"
8,10,21,"Lydia"
8,10,21,"Lydia"
9,10,21,"Elias"
9,10,21,"Lydia"
9,10,21,"Elias"
9,10,21,"Lydia"
9,10,21,"Elias"
9,10,21,"Lydia"
9,10,21,"Elias"
9,10,21,"Lydia"
9,10,21,"Elias"
9,10,21,"Elias"
9,10,21,"Lydia"
9,10,21,"Lydia"
9,10,21,"Lydia"
9,10,21,"Elias"
9,10,21,"Elias"
9,10,21,"Lydia"
9,10,21,"Lydia"
9,10,21,"Elias"
9,10,21,"Elias"
9,10,21,"Lydia"
9,10,21,"Elias"
9,10,21,"Lydia"
9,10,21,"Lydia"
9,10,21,"Lydia"
9,10,21,"Elias"
9,10,21,"Elias"
9,10,21,"Elias"
9,10,21,"Elias"
9,10,21,"Elias"
9,10,21,"Lydia"
9,10,21,"Lydia"
9,10,21,"Lydia"
9,10,21,"Lydia"
9,10,21,"Elias"
9,10,21,"Lydia"
9,10,21,"Lydia"
9,10,21,"Elias"
9,10,21,"Lydia"
9,10,21,"Elias"
9,10,21,"Lydia"
9,10,21,"Elias"
9,10,21,"Lydia"
9,10,21,"Elias"
9,10,21,"Lydia"
9,10,21,"Elias"
9,10,21,"Lydia"
9,10,21,"Lydia"
9,10,21,"Elias"
9,10,21,"Elias"
9,10,21,"Elias"
9,10,21,"Lydia"
9,10,21,"Lydia"
9,10,21,"Lydia"
9,10,21,"Lydia"
10,10,21,"Lydia"
10,10,21,"Elias"
10,10,21,"Elias"
10,10,21,"Lydia"
10,10,21,"Elias"
10,10,21,"Elias"
10,10,21,"Elias"
10,10,21,"Elias"
11,10,21,"Lydia"
11,10,21,"Elias"
11,10,21,"Elias"
11,10,21,"Lydia"
11,10,21,"Lydia"
11,10,21,"Lydia"
11,10,21,"Elias"
11,10,21,"Elias"
11,10,21,"Lydia"
11,10,21,"Lydia"
11,10,21,"Elias"
11,10,21,"Elias"
11,10,21,"Lydia"
11,10,21,"Lydia"
11,10,21,"Elias"
11,10,21,"Lydia"
11,10,21,"Elias"
11,10,21,"Elias"
11,10,21,"Lydia"
11,10,21,"Lydia"
11,10,21,"Lydia"
11,10,21,"Elias"
11,10,21,"Lydia"
11,10,21,"Lydia"
11,10,21,"Lydia"
11,10,21,"Elias"
11,10,21,"Lydia"
11,10,21,"Elias"
11,10,21,"Lydia"
11,10,21,"Lydia"
11,10,21,"Lydia"
11,10,21,"Elias"
12,10,21,"Lydia"
12,10,21,"Elias"
12,10,21,"Elias"
12,10,21,"Lydia"
12,10,21,"Lydia"
12,10,21,"Lydia"
12,10,21,"Lydia"
12,10,21,"Elias"
12,10,21,"Elias"
12,10,21,"Elias"
12,10,21,"Elias"
12,10,21,"Elias"
14,10,21,"Lydia"
14,10,21,"Lydia"
14,10,21,"Lydia"
14,10,21,"Lydia"
14,10,21,"Elias"
14,10,21,"Elias"
14,10,21,"Elias"
14,10,21,"Elias"
14,10,21,"Elias"
14,10,21,"Lydia"
14,10,21,"Lydia"
14,10,21,"Lydia"
14,10,21,"Lydia"
14,10,21,"Elias"
14,10,21,"Elias"
14,10,21,"Elias"
14,10,21,"Elias"
14,10,21,"Lydia"
14,10,21,"Lydia"
14,10,21,"Lydia"
14,10,21,"Lydia"
14,10,21,"Lydia"
14,10,21,"Elias"
14,10,21,"Elias"
14,10,21,"Elias"
14,10,21,"Elias"
14,10,21,"Lydia"
14,10,21,"Lydia"
14,10,21,"Lydia"
14,10,21,"Lydia"
14,10,21,"Elias"
14,10,21,"Elias"
14,10,21,"Elias"
14,10,21,"Elias"
14,10,21,"Lydia"
14,10,21,"Lydia"
14,10,21,"Lydia"
14,10,21,"Lydia"
14,10,21,"Lydia"
15,10,21,"Elias"
15,10,21,"Elias"
15,10,21,"Elias"
15,10,21,"Elias"
15,10,21,"Elias"
15,10,21,"Lydia"
15,10,21,"Lydia"
15,10,21,"Lydia"
15,10,21,"Elias"
15,10,21,"Elias"
15,10,21,"Elias"
15,10,21,"Lydia"
15,10,21,"Lydia"
15,10,21,"Lydia"
15,10,21,"Lydia"
15,10,21,"Elias"
15,10,21,"Elias"
15,10,21,"Elias"
15,10,21,"Elias"
15,10,21,"Elias"
15,10,21,"Elias"
15,10,21,"Lydia"
15,10,21,"Lydia"
15,10,21,"Lydia"
15,10,21,"Lydia"
15,10,21,"Elias"
15,10,21,"Elias"
15,10,21,"Elias"
15,10,21,"Elias"
15,10,21,"Lydia"
15,10,21,"Lydia"
15,10,21,"Lydia"
15,10,21,"Lydia"
15,10,21,"Lydia"
15,10,21,"Elias"
15,10,21,"Elias"
15,10,21,"Elias"
15,10,21,"Elias"
15,10,21,"Elias"
15,10,21,"Elias"
15,10,21,"Lydia"
15,10,21,"Lydia"
15,10,21,"Lydia"
15,10,21,"Lydia"
15,10,21,"Elias"
15,10,21,"Elias"
15,10,21,"Elias"
15,10,21,"Elias"
15,10,21,"Elias"
16,10,21,"Elias"
16,10,21,"Elias"
16,10,21,"Elias"
16,10,21,"Lydia"
16,10,21,"Lydia"
16,10,21,"Lydia"
16,10,21,"Lydia"
16,10,21,"Lydia"
16,10,21,"Lydia"
16,10,21,"Lydia"
16,10,21,"Elias"
16,10,21,"Elias"
16,10,21,"Elias"
16,10,21,"Elias"
16,10,21,"Elias"
16,10,21,"Elias"
16,10,21,"Elias"
16,10,21,"Lydia"
16,10,21,"Lydia"
16,10,21,"Lydia"
16,10,21,"Lydia"
16,10,21,"Lydia"
16,10,21,"Lydia"
16,10,21,"Elias"
16,10,21,"Elias"
16,10,21,"Elias"
16,10,21,"Lydia"
16,10,21,"Elias"
16,10,21,"Lydia"
16,10,21,"Lydia"
16,10,21,"Elias"
16,10,21,"Lydia"
16,10,21,"Lydia"
16,10,21,"Elias"
16,10,21,"Lydia"
16,10,21,"Lydia"
16,10,21,"Elias"
16,10,21,"Elias"
16,10,21,"Lydia"
16,10,21,"Lydia"
16,10,21,"Elias"
16,10,21,"Elias"
16,10,21,"Elias"
16,10,21,"Lydia"
16,10,21,"Lydia"
16,10,21,"Elias"
16,10,21,"Elias"
16,10,21,"Elias"
16,10,21,"Elias"
16,10,21,"Elias"
16,10,21,"Lydia"
16,10,21,"Lydia"
16,10,21,"Lydia"
16,10,21,"Lydia"
16,10,21,"Lydia"
17,10,21,"Lydia"
17,10,21,"Elias"
17,10,21,"Elias"
17,10,21,"Elias"
17,10,21,"Elias"
17,10,21,"Lydia"
17,10,21,"Lydia"
17,10,21,"Lydia"
18,10,21,"Elias"
18,10,21,"Elias"
18,10,21,"Elias"
18,10,21,"Elias"
18,10,21,"Elias"
18,10,21,"Elias"
18,10,21,"Lydia"
18,10,21,"Lydia"
18,10,21,"Lydia"
18,10,21,"Lydia"
18,10,21,"Elias"
18,10,21,"Elias"
18,10,21,"Elias"
18,10,21,"Elias"
18,10,21,"Elias"
19,10,21,"Lydia"
19,10,21,"Lydia"
19,10,21,"Lydia"
19,10,21,"Lydia"
19,10,21,"Lydia"
19,10,21,"Elias"
19,10,21,"Elias"
19,10,21,"Elias"
19,10,21,"Elias"
19,10,21,"Elias"
19,10,21,"Lydia"
19,10,21,"Lydia"
19,10,21,"Lydia"
19,10,21,"Lydia"
19,10,21,"Lydia"
19,10,21,"Lydia"
19,10,21,"Elias"
19,10,21,"Elias"
19,10,21,"Elias"
19,10,21,"Elias"
19,10,21,"Elias"
19,10,21,"Elias"
19,10,21,"Lydia"
19,10,21,"Lydia"
19,10,21,"Lydia"
19,10,21,"Lydia"
19,10,21,"Lydia"
20,10,21,"Elias"
20,10,21,"Elias"
20,10,21,"Elias"
20,10,21,"Elias"
20,10,21,"Lydia"
20,10,21,"Lydia"
20,10,21,"Lydia"
20,10,21,"Lydia"
20,10,21,"Elias"
20,10,21,"Elias"
20,10,21,"Elias"
20,10,21,"Elias"
20,10,21,"Lydia"
20,10,21,"Elias"
20,10,21,"Lydia"
20,10,21,"Lydia"
20,10,21,"Lydia"
20,10,21,"Elias"
20,10,21,"Elias"
20,10,21,"Elias"
20,10,21,"Lydia"
20,10,21,"Lydia"
20,10,21,"Lydia"
20,10,21,"Elias"
20,10,21,"Elias"
20,10,21,"Lydia"
20,10,21,"Lydia"
20,10,21,"Lydia"
20,10,21,"Elias"
20,10,21,"Elias"
20,10,21,"Lydia"
20,10,21,"Lydia"
20,10,21,"Lydia"
20,10,21,"Elias"
20,10,21,"Lydia"
20,10,21,"Lydia"
20,10,21,"Elias"
20,10,21,"Elias"
20,10,21,"Lydia"
20,10,21,"Lydia"
20,10,21,"Lydia"
20,10,21,"Elias"
20,10,21,"Elias"
20,10,21,"Lydia"
20,10,21,"Lydia"
20,10,21,"Elias"
20,10,21,"Elias"
20,10,21,"Elias"
20,10,21,"Lydia"
20,10,21,"Lydia"
20,10,21,"Lydia"
20,10,21,"Elias"
20,10,21,"Elias"
20,10,21,"Elias"
20,10,21,"Lydia"
20,10,21,"Lydia"
20,10,21,"Elias"
20,10,21,"Elias"
20,10,21,"Lydia"
20,10,21,"Lydia"
21,10,21,"Lydia"
21,10,21,"Elias"
21,10,21,"Elias"
21,10,21,"Elias"
21,10,21,"Elias"
21,10,21,"Lydia"
21,10,21,"Lydia"
21,10,21,"Lydia"
21,10,21,"Elias"
21,10,21,"Elias"
21,10,21,"Elias"
21,10,21,"Lydia"
21,10,21,"Lydia"
21,10,21,"Lydia"
21,10,21,"Elias"
21,10,21,"Elias"
21,10,21,"Lydia"
21,10,21,"Elias"
22,10,21,"Lydia"
22,10,21,"Elias"
22,10,21,"Lydia"
22,10,21,"Elias"
22,10,21,"Elias"
22,10,21,"Lydia"
22,10,21,"Elias"
22,10,21,"Lydia"
22,10,21,"Lydia"
22,10,21,"Elias"
22,10,21,"Elias"
22,10,21,"Lydia"
22,10,21,"Elias"
22,10,21,"Lydia"
22,10,21,"Elias"
22,10,21,"Elias"
22,10,21,"Lydia"
22,10,21,"Lydia"
22,10,21,"Elias"
22,10,21,"Elias"
22,10,21,"Elias"
22,10,21,"Lydia"
22,10,21,"Lydia"
22,10,21,"Elias"
22,10,21,"Elias"
23,10,21,"Lydia"
23,10,21,"Lydia"
23,10,21,"Lydia"
23,10,21,"Elias"
23,10,21,"Elias"
23,10,21,"Elias"
23,10,21,"Lydia"
23,10,21,"Lydia"
23,10,21,"Lydia"
23,10,21,"Elias"
23,10,21,"Elias"
23,10,21,"Elias"
23,10,21,"Lydia"
23,10,21,"Lydia"
23,10,21,"Lydia"
23,10,21,"Lydia"
23,10,21,"Elias"
23,10,21,"Elias"
23,10,21,"Elias"
23,10,21,"Elias"
23,10,21,"Lydia"
23,10,21,"Lydia"
23,10,21,"Lydia"
23,10,21,"Lydia"
23,10,21,"Lydia"
23,10,21,"Lydia"
23,10,21,"Lydia"
23,10,21,"Lydia"
23,10,21,"Lydia"
23,10,21,"Lydia"
23,10,21,"Elias"
23,10,21,"Elias"
23,10,21,"Elias"
23,10,21,"Elias"
23,10,21,"Elias"
23,10,21,"Lydia"
23,10,21,"Lydia"
23,10,21,"Lydia"
24,10,21,"Elias"
24,10,21,"Elias"
24,10,21,"Elias"
24,10,21,"Elias"
24,10,21,"Elias"
24,10,21,"Lydia"
24,10,21,"Lydia"
24,10,21,"Lydia"
24,10,21,"Elias"
24,10,21,"Elias"
24,10,21,"Lydia"
24,10,21,"Lydia"
24,10,21,"Elias"
24,10,21,"Elias"
24,10,21,"Lydia"
24,10,21,"Lydia"
24,10,21,"Lydia"
24,10,21,"Lydia"
24,10,21,"Elias"
24,10,21,"Elias"
24,10,21,"Elias"
24,10,21,"Lydia"
24,10,21,"Lydia"
24,10,21,"Lydia"
24,10,21,"Lydia"
25,10,21,"Elias"
25,10,21,"Elias"
25,10,21,"Elias"
25,10,21,"Elias"
25,10,21,"Elias"
25,10,21,"Elias"
25,10,21,"Lydia"
25,10,21,"Lydia"
25,10,21,"Lydia"
25,10,21,"Lydia"
25,10,21,"Lydia"
25,10,21,"Elias"
25,10,21,"Elias"
25,10,21,"Elias"
25,10,21,"Elias"
25,10,21,"Elias"
25,10,21,"Elias"
25,10,21,"Lydia"
25,10,21,"Lydia"
25,10,21,"Lydia"
25,10,21,"Lydia"
25,10,21,"Lydia"
25,10,21,"Elias"
25,10,21,"Elias"
25,10,21,"Elias"
25,10,21,"Elias"
25,10,21,"Elias"
25,10,21,"Lydia"
25,10,21,"Lydia"
25,10,21,"Lydia"
25,10,21,"Lydia"
25,10,21,"Lydia"
25,10,21,"Lydia"
25,10,21,"Elias"
25,10,21,"Elias"
25,10,21,"Elias"
25,10,21,"Elias"
25,10,21,"Elias"
26,10,21,"Lydia"
26,10,21,"Lydia"
26,10,21,"Lydia"
26,10,21,"Lydia"
26,10,21,"Lydia"
26,10,21,"Elias"
26,10,21,"Elias"
26,10,21,"Elias"
26,10,21,"Elias"
26,10,21,"Elias"
26,10,21,"Lydia"
26,10,21,"Lydia"
26,10,21,"Lydia"
26,10,21,"Lydia"
26,10,21,"Lydia"
26,10,21,"Lydia"
26,10,21,"Elias"
26,10,21,"Elias"
26,10,21,"Elias"
26,10,21,"Elias"
26,10,21,"Elias"
27,10,21,"Lydia"
27,10,21,"Lydia"
27,10,21,"Elias"
27,10,21,"Elias"
27,10,21,"Lydia"
27,10,21,"Elias"
27,10,21,"Lydia"
27,10,21,"Lydia"
28,10,21,"Lydia"
28,10,21,"Elias"
28,10,21,"Elias"
28,10,21,"Lydia"
28,10,21,"Elias"
28,10,21,"Lydia"
28,10,21,"Lydia"
28,10,21,"Lydia"
28,10,21,"Elias"
28,10,21,"Lydia"
28,10,21,"Lydia"
28,10,21,"Elias"
29,10,21,"Lydia"
29,10,21,"Lydia"
29,10,21,"Lydia"
29,10,21,"Lydia"
29,10,21,"Elias"
29,10,21,"Elias"
29,10,21,"Elias"
29,10,21,"Elias"
29,10,21,"Elias"
29,10,21,"Lydia"
29,10,21,"Lydia"
29,10,21,"Lydia"
29,10,21,"Lydia"
29,10,21,"Elias"
29,10,21,"Elias"
29,10,21,"Elias"
29,10,21,"Elias"
29,10,21,"Lydia"
29,10,21,"Lydia"
29,10,21,"Lydia"
29,10,21,"Elias"
29,10,21,"Elias"
29,10,21,"Elias"
29,10,21,"Elias"
30,10,21,"Lydia"
30,10,21,"Lydia"
30,10,21,"Elias"
30,10,21,"Elias"
30,10,21,"Elias"
30,10,21,"Elias"
30,10,21,"Lydia"
30,10,21,"Lydia"
30,10,21,"Lydia"
30,10,21,"Lydia"
30,10,21,"Elias"
30,10,21,"Elias"
30,10,21,"Elias"
30,10,21,"Elias"
30,10,21,"Elias"
30,10,21,"Lydia"
30,10,21,"Elias"
30,10,21,"Elias"
30,10,21,"Lydia"
30,10,21,"Lydia"
30,10,21,"Lydia"
30,10,21,"Lydia"
30,10,21,"Lydia"
30,10,21,"Elias"
30,10,21,"Elias"
30,10,21,"Elias"
30,10,21,"Elias"
30,10,21,"Lydia"
30,10,21,"Lydia"
30,10,21,"Lydia"
30,10,21,"Lydia"
30,10,21,"Lydia"
30,10,21,"Lydia"
30,10,21,"Lydia"
30,10,21,"Lydia"
30,10,21,"Lydia"
30,10,21,"Lydia"
30,10,21,"Lydia"
30,10,21,"Lydia"
30,10,21,"Elias"
30,10,21,"Elias"
30,10,21,"Elias"
30,10,21,"Elias"
30,10,21,"Elias"
30,10,21,"Lydia"
30,10,21,"Lydia"
30,10,21,"Elias"
30,10,21,"Elias"
30,10,21,"Lydia"
30,10,21,"Lydia"
30,10,21,"Lydia"
30,10,21,"Lydia"
30,10,21,"Lydia"
30,10,21,"Elias"
30,10,21,"Elias"
30,10,21,"Elias"
30,10,21,"Elias"
30,10,21,"Lydia"
30,10,21,"Lydia"
30,10,21,"Elias"
30,10,21,"Elias"
30,10,21,"Elias"
30,10,21,"Elias"
30,10,21,"Lydia"
30,10,21,"Lydia"
30,10,21,"Lydia"
30,10,21,"Lydia"
30,10,21,"Elias"
30,10,21,"Elias"
30,10,21,"Elias"
30,10,21,"Elias"
30,10,21,"Elias"
30,10,21,"Elias"
31,10,21,"Elias"
31,10,21,"Lydia"
31,10,21,"Lydia"
31,10,21,"Lydia"
31,10,21,"Elias"
31,10,21,"Elias"
31,10,21,"Lydia"
31,10,21,"Lydia"
31,10,21,"Lydia"
31,10,21,"Lydia"
31,10,21,"Lydia"
31,10,21,"Lydia"
31,10,21,"Lydia"
31,10,21,"Elias"
31,10,21,"Elias"
31,10,21,"Elias"
31,10,21,"Lydia"
31,10,21,"Elias"
31,10,21,"Elias"
31,10,21,"Elias"
31,10,21,"Elias"
31,10,21,"Lydia"
31,10,21,"Lydia"
31,10,21,"Lydia"
31,10,21,"Lydia"
31,10,21,"Lydia"
31,10,21,"Lydia"
31,10,21,"Lydia"
31,10,21,"Elias"
31,10,21,"Elias"
31,10,21,"Elias"
31,10,21,"Elias"
31,10,21,"Elias"
31,10,21,"Lydia"
31,10,21,"Lydia"
31,10,21,"Lydia"
31,10,21,"Lydia"
31,10,21,"Elias"
31,10,21,"Elias"
31,10,21,"Elias"
31,10,21,"Elias"
31,10,21,"Elias"
31,10,21,"Lydia"
31,10,21,"Lydia"
31,10,21,"Lydia"
1,11,21,"Elias"
1,11,21,"Elias"
1,11,21,"Elias"
1,11,21,"Elias"
1,11,21,"Elias"
1,11,21,"Lydia"
1,11,21,"Lydia"
1,11,21,"Lydia"
1,11,21,"Lydia"
1,11,21,"Elias"
1,11,21,"Elias"
1,11,21,"Elias"
1,11,21,"Elias"
1,11,21,"Lydia"
1,11,21,"Lydia"
1,11,21,"Lydia"
1,11,21,"Lydia"
2,11,21,"Elias"
2,11,21,"Elias"
2,11,21,"Elias"
2,11,21,"Elias"
2,11,21,"Elias"
2,11,21,"Lydia"
2,11,21,"Lydia"
2,11,21,"Lydia"
2,11,21,"Lydia"
2,11,21,"Lydia"
2,11,21,"Lydia"
2,11,21,"Lydia"
2,11,21,"Elias"
2,11,21,"Elias"
2,11,21,"Elias"
2,11,21,"Elias"
2,11,21,"Elias"
2,11,21,"Elias"
2,11,21,"Lydia"
2,11,21,"Lydia"
2,11,21,"Lydia"
2,11,21,"Lydia"
2,11,21,"Lydia"
2,11,21,"Lydia"
3,11,21,"Elias"
3,11,21,"Elias"
3,11,21,"Elias"
3,11,21,"Elias"
3,11,21,"Elias"
3,11,21,"Elias"
3,11,21,"Lydia"
3,11,21,"Lydia"
3,11,21,"Lydia"
3,11,21,"Lydia"
3,11,21,"Lydia"
3,11,21,"Lydia"
3,11,21,"Elias"
3,11,21,"Lydia"
3,11,21,"Elias"
3,11,21,"Elias"
3,11,21,"Elias"
3,11,21,"Elias"
3,11,21,"Elias"
4,11,21,"Lydia"
4,11,21,"Lydia"
4,11,21,"Lydia"
4,11,21,"Lydia"
4,11,21,"Lydia"
4,11,21,"Elias"
4,11,21,"Elias"
4,11,21,"Elias"
4,11,21,"Elias"
4,11,21,"Elias"
4,11,21,"Elias"
4,11,21,"Lydia"
4,11,21,"Lydia"
4,11,21,"Lydia"
4,11,21,"Lydia"
4,11,21,"Lydia"
4,11,21,"Elias"
4,11,21,"Elias"
4,11,21,"Elias"
4,11,21,"Elias"
4,11,21,"Elias"
5,11,21,"Lydia"
5,11,21,"Lydia"
5,11,21,"Lydia"
5,11,21,"Lydia"
5,11,21,"Lydia"
5,11,21,"Lydia"
5,11,21,"Elias"
5,11,21,"Elias"
5,11,21,"Elias"
5,11,21,"Elias"
5,11,21,"Elias"
5,11,21,"Lydia"
5,11,21,"Lydia"
5,11,21,"Lydia"
5,11,21,"Lydia"
5,11,21,"Lydia"
5,11,21,"Elias"
5,11,21,"Elias"
6,11,21,"Lydia"
6,11,21,"Lydia"
6,11,21,"Elias"
6,11,21,"Elias"
6,11,21,"Elias"
6,11,21,"Elias"
6,11,21,"Elias"
6,11,21,"Elias"
6,11,21,"Elias"
6,11,21,"Elias"
6,11,21,"Lydia"
6,11,21,"Lydia"
6,11,21,"Lydia"
6,11,21,"Lydia"
6,11,21,"Lydia"
6,11,21,"Elias"
6,11,21,"Elias"
6,11,21,"Elias"
6,11,21,"Elias"
6,11,21,"Elias"
6,11,21,"Elias"
6,11,21,"Lydia"
6,11,21,"Lydia"
6,11,21,"Lydia"
6,11,21,"Lydia"
6,11,21,"Lydia"
6,11,21,"Lydia"
6,11,21,"Lydia"
6,11,21,"Elias"
6,11,21,"Elias"
6,11,21,"Elias"
6,11,21,"Elias"
6,11,21,"Elias"
6,11,21,"Elias"
6,11,21,"Lydia"
6,11,21,"Lydia"
6,11,21,"Lydia"
6,11,21,"Lydia"
6,11,21,"Lydia"
7,11,21,"Elias"
7,11,21,"Lydia"
7,11,21,"Elias"
7,11,21,"Lydia"
8,11,21,"Elias"
8,11,21,"Elias"
8,11,21,"Lydia"
8,11,21,"Elias"
8,11,21,"Elias"
8,11,21,"Elias"
8,11,21,"Lydia"
8,11,21,"Lydia"
8,11,21,"Lydia"
9,11,21,"Lydia"
9,11,21,"Elias"
9,11,21,"Elias"
9,11,21,"Elias"
9,11,21,"Elias"
9,11,21,"Lydia"
9,11,21,"Lydia"
9,11,21,"Lydia"
9,11,21,"Elias"
9,11,21,"Elias"
9,11,21,"Elias"
9,11,21,"Elias"
9,11,21,"Lydia"
9,11,21,"Lydia"
9,11,21,"Lydia"
9,11,21,"Lydia"
9,11,21,"Lydia"
9,11,21,"Elias"
9,11,21,"Elias"
9,11,21,"Elias"
9,11,21,"Elias"
9,11,21,"Lydia"
9,11,21,"Elias"
9,11,21,"Elias"
9,11,21,"Elias"
9,11,21,"Lydia"
9,11,21,"Lydia"
9,11,21,"Elias"
9,11,21,"Lydia"
9,11,21,"Lydia"
9,11,21,"Elias"
9,11,21,"Lydia"
9,11,21,"Lydia"
9,11,21,"Lydia"
9,11,21,"Lydia"
9,11,21,"Elias"
9,11,21,"Elias"
9,11,21,"Elias"
9,11,21,"Elias"
9,11,21,"Lydia"
9,11,21,"Lydia"
9,11,21,"Lydia"
9,11,21,"Elias"
9,11,21,"Elias"
9,11,21,"Elias"
9,11,21,"Elias"
9,11,21,"Lydia"
9,11,21,"Lydia"
10,11,21,"Elias"
10,11,21,"Elias"
10,11,21,"Lydia"
10,11,21,"Elias"
11,11,21,"Elias"
11,11,21,"Lydia"
11,11,21,"Lydia"
11,11,21,"Lydia"
11,11,21,"Elias"
11,11,21,"Elias"
11,11,21,"Elias"
11,11,21,"Elias"
11,11,21,"Lydia"
11,11,21,"Lydia"
11,11,21,"Lydia"
11,11,21,"Elias"
11,11,21,"Lydia"
11,11,21,"Elias"
11,11,21,"Elias"
11,11,21,"Lydia"
11,11,21,"Lydia"
11,11,21,"Lydia"
11,11,21,"Elias"
11,11,21,"Elias"
11,11,21,"Elias"
11,11,21,"Lydia"
11,11,21,"Elias"
11,11,21,"Lydia"
11,11,21,"Lydia"
11,11,21,"Elias"
11,11,21,"Elias"
11,11,21,"Lydia"
11,11,21,"Lydia"
11,11,21,"Elias"
11,11,21,"Elias"
11,11,21,"Lydia"
11,11,21,"Lydia"
11,11,21,"Elias"
11,11,21,"Lydia"
11,11,21,"Elias"
11,11,21,"Lydia"
11,11,21,"Lydia"
11,11,21,"Lydia"
11,11,21,"Elias"
11,11,21,"Lydia"
11,11,21,"Lydia"
11,11,21,"Lydia"
11,11,21,"Elias"
11,11,21,"Lydia"
11,11,21,"Elias"
11,11,21,"Lydia"
11,11,21,"Elias"
11,11,21,"Lydia"
11,11,21,"Lydia"
11,11,21,"Elias"
11,11,21,"Elias"
11,11,21,"Lydia"
11,11,21,"Lydia"
11,11,21,"Elias"
11,11,21,"Lydia"
11,11,21,"Elias"
11,11,21,"Elias"
11,11,21,"Lydia"
11,11,21,"Lydia"
11,11,21,"Lydia"
11,11,21,"Elias"
11,11,21,"Elias"
11,11,21,"Elias"
11,11,21,"Lydia"
11,11,21,"Lydia"
11,11,21,"Elias"
13,11,21,"Elias"
13,11,21,"Lydia"
13,11,21,"Elias"
13,11,21,"Lydia"
13,11,21,"Lydia"
13,11,21,"Elias"
13,11,21,"Elias"
13,11,21,"Lydia"
13,11,21,"Lydia"
14,11,21,"Elias"
14,11,21,"Lydia"
15,11,21,"Elias"
15,11,21,"Elias"
15,11,21,"Lydia"
15,11,21,"Lydia"
15,11,21,"Elias"
15,11,21,"Lydia"
15,11,21,"Lydia"
15,11,21,"Elias"
15,11,21,"Elias"
15,11,21,"Lydia"
15,11,21,"Lydia"
15,11,21,"Elias"
15,11,21,"Lydia"
15,11,21,"Elias"
15,11,21,"Lydia"
16,11,21,"Elias"
16,11,21,"Elias"
16,11,21,"Lydia"
16,11,21,"Lydia"
16,11,21,"Lydia"
16,11,21,"Lydia"
16,11,21,"Lydia"
16,11,21,"Lydia"
16,11,21,"Lydia"
16,11,21,"Lydia"
16,11,21,"Lydia"
16,11,21,"Lydia"
16,11,21,"Lydia"
16,11,21,"Lydia"
16,11,21,"Lydia"
16,11,21,"Lydia"
16,11,21,"Lydia"
16,11,21,"Elias"
16,11,21,"Elias"
16,11,21,"Elias"
16,11,21,"Elias"
16,11,21,"Lydia"
16,11,21,"Lydia"
16,11,21,"Elias"
16,11,21,"Elias"
16,11,21,"Elias"
16,11,21,"Lydia"
16,11,21,"Lydia"
16,11,21,"Lydia"
16,11,21,"Elias"
16,11,21,"Elias"
16,11,21,"Lydia"
16,11,21,"Elias"
16,11,21,"Elias"
16,11,21,"Lydia"
16,11,21,"Lydia"
16,11,21,"Lydia"
17,11,21,"Lydia"
17,11,21,"Lydia"
17,11,21,"Lydia"
17,11,21,"Elias"
17,11,21,"Lydia"
17,11,21,"Elias"
17,11,21,"Lydia"
17,11,21,"Lydia"
17,11,21,"Elias"
17,11,21,"Elias"
17,11,21,"Lydia"
17,11,21,"Lydia"
17,11,21,"Lydia"
17,11,21,"Elias"
17,11,21,"Elias"
17,11,21,"Elias"
17,11,21,"Lydia"
17,11,21,"Lydia"
17,11,21,"Lydia"
17,11,21,"Elias"
17,11,21,"Elias"
17,11,21,"Lydia"
18,11,21,"Lydia"
18,11,21,"Elias"
18,11,21,"Elias"
18,11,21,"Elias"
18,11,21,"Lydia"
18,11,21,"Lydia"
18,11,21,"Lydia"
18,11,21,"Elias"
18,11,21,"Elias"
18,11,21,"Elias"
18,11,21,"Elias"
18,11,21,"Lydia"
18,11,21,"Lydia"
18,11,21,"Elias"
18,11,21,"Lydia"
18,11,21,"Elias"
18,11,21,"Lydia"
18,11,21,"Lydia"
18,11,21,"Lydia"
18,11,21,"Lydia"
18,11,21,"Elias"
18,11,21,"Elias"
18,11,21,"Lydia"
19,11,21,"Lydia"
19,11,21,"Elias"
19,11,21,"Lydia"
19,11,21,"Lydia"
19,11,21,"Lydia"
19,11,21,"Lydia"
19,11,21,"Elias"
19,11,21,"Elias"
19,11,21,"Lydia"
19,11,21,"Lydia"
19,11,21,"Elias"
19,11,21,"Elias"
19,11,21,"Lydia"
19,11,21,"Lydia"
19,11,21,"Elias"
19,11,21,"Elias"
19,11,21,"Elias"
19,11,21,"Lydia"
19,11,21,"Lydia"
19,11,21,"Lydia"
20,11,21,"Lydia"
20,11,21,"Elias"
20,11,21,"Lydia"
20,11,21,"Elias"
20,11,21,"Elias"
20,11,21,"Elias"
20,11,21,"Elias"
20,11,21,"Lydia"
20,11,21,"Lydia"
20,11,21,"Lydia"
20,11,21,"Elias"
20,11,21,"Elias"
20,11,21,"Elias"
20,11,21,"Lydia"
20,11,21,"Lydia"
20,11,21,"Elias"
20,11,21,"Elias"
20,11,21,"Elias"
20,11,21,"Lydia"
20,11,21,"Lydia"
20,11,21,"Lydia"
20,11,21,"Lydia"
20,11,21,"Elias"
20,11,21,"Elias"
20,11,21,"Lydia"
20,11,21,"Lydia"
20,11,21,"Elias"
20,11,21,"Elias"
20,11,21,"Elias"
21,11,21,"Lydia"
21,11,21,"Lydia"
21,11,21,"Lydia"
21,11,21,"Lydia"
21,11,21,"Elias"
21,11,21,"Elias"
21,11,21,"Elias"
21,11,21,"Elias"
21,11,21,"Lydia"
21,11,21,"Lydia"
21,11,21,"Lydia"
21,11,21,"Lydia"
21,11,21,"Lydia"
21,11,21,"Lydia"
21,11,21,"Elias"
21,11,21,"Elias"
21,11,21,"Elias"
21,11,21,"Elias"
21,11,21,"Elias"
21,11,21,"Elias"
21,11,21,"Lydia"
21,11,21,"Lydia"
21,11,21,"Lydia"
21,11,21,"Lydia"
21,11,21,"Elias"
21,11,21,"Elias"
21,11,21,"Elias"
21,11,21,"Elias"
21,11,21,"Elias"
22,11,21,"Lydia"
22,11,21,"Lydia"
22,11,21,"Lydia"
22,11,21,"Lydia"
22,11,21,"Elias"
22,11,21,"Elias"
22,11,21,"Elias"
22,11,21,"Elias"
22,11,21,"Lydia"
22,11,21,"Lydia"
22,11,21,"Lydia"
22,11,21,"Lydia"
22,11,21,"Lydia"
22,11,21,"Elias"
22,11,21,"Lydia"
23,11,21,"Elias"
23,11,21,"Lydia"
23,11,21,"Lydia"
23,11,21,"Lydia"
23,11,21,"Lydia"
23,11,21,"Lydia"
23,11,21,"Elias"
23,11,21,"Elias"
23,11,21,"Elias"
23,11,21,"Elias"
24,11,21,"Lydia"
24,11,21,"Lydia"
24,11,21,"Lydia"
24,11,21,"Lydia"
24,11,21,"Lydia"
24,11,21,"Lydia"
24,11,21,"Lydia"
24,11,21,"Elias"
24,11,21,"Elias"
24,11,21,"Elias"
24,11,21,"Elias"
24,11,21,"Elias"
24,11,21,"Elias"
24,11,21,"Lydia"
24,11,21,"Lydia"
24,11,21,"Lydia"
24,11,21,"Lydia"
24,11,21,"Lydia"
24,11,21,"Elias"
24,11,21,"Elias"
24,11,21,"Elias"
24,11,21,"Elias"
24,11,21,"Lydia"
24,11,21,"Lydia"
24,11,21,"Lydia"
24,11,21,"Lydia"
24,11,21,"Elias"
24,11,21,"Elias"
24,11,21,"Elias"
24,11,21,"Elias"
24,11,21,"Lydia"
25,11,21,"Lydia"
25,11,21,"Lydia"
25,11,21,"Elias"
25,11,21,"Elias"
25,11,21,"Elias"
25,11,21,"Elias"
25,11,21,"Lydia"
25,11,21,"Lydia"
25,11,21,"Lydia"
25,11,21,"Lydia"
25,11,21,"Lydia"
25,11,21,"Elias"
25,11,21,"Elias"
26,11,21,"Elias"
26,11,21,"Lydia"
26,11,21,"Lydia"
26,11,21,"Elias"
26,11,21,"Elias"
26,11,21,"Elias"
26,11,21,"Elias"
26,11,21,"Elias"
26,11,21,"Elias"
26,11,21,"Elias"
26,11,21,"Elias"
26,11,21,"Elias"
26,11,21,"Elias"
26,11,21,"Lydia"
26,11,21,"Lydia"
26,11,21,"Lydia"
26,11,21,"Lydia"
26,11,21,"Lydia"
26,11,21,"Lydia"
26,11,21,"Lydia"
26,11,21,"Elias"
26,11,21,"Elias"
26,11,21,"Elias"
26,11,21,"Elias"
26,11,21,"Elias"
26,11,21,"Elias"
26,11,21,"Elias"
26,11,21,"Lydia"
26,11,21,"Lydia"
26,11,21,"Lydia"
26,11,21,"Lydia"
26,11,21,"Elias"
26,11,21,"Elias"
26,11,21,"Elias"
26,11,21,"Lydia"
26,11,21,"Elias"
26,11,21,"Elias"
26,11,21,"Elias"
26,11,21,"Lydia"
26,11,21,"Lydia"
26,11,21,"Lydia"
26,11,21,"Lydia"
27,11,21,"Elias"
27,11,21,"Elias"
27,11,21,"Elias"
27,11,21,"Elias"
27,11,21,"Elias"
27,11,21,"Lydia"
27,11,21,"Lydia"
27,11,21,"Elias"
27,11,21,"Lydia"
27,11,21,"Lydia"
27,11,21,"Elias"
28,11,21,"Elias"
28,11,21,"Elias"
28,11,21,"Lydia"
28,11,21,"Lydia"
28,11,21,"Lydia"
28,11,21,"Lydia"
28,11,21,"Elias"
28,11,21,"Elias"
28,11,21,"Elias"
28,11,21,"Elias"
28,11,21,"Lydia"
28,11,21,"Lydia"
